id,food_name,aliases,category,energy_kcal,protein_g,fat_g,carb_g
A0100101,大麥仁,"小薏仁,洋薏仁,珍珠薏仁",穀物類,365,8.6,1.6,77.1
A0110101,大麥片,,穀物類,365,8.6,1.8,76.7
A0120101,大麥仁粉,"小薏仁粉,洋薏仁粉,珍珠薏仁粉",穀物類,389,7.1,1.3,85
A0200101,小米,,穀物類,370,11.3,3.7,71.7
A0200201,糯小米,,穀物類,360,12.5,1.5,72.5
A0300101,小麥,,穀物類,362,14.1,2.6,69.2
A0310101,小麥胚芽,,穀物類,417,31.4,11.6,47.9
A0320101,去筋麵粉,澄粉,穀物類,355,0.2,0.1,85.7
A0320202,低筋麵粉,,穀物類,364,8.1,1.2,78.2
A0320301,中筋麵粉,,穀物類,361,11.5,1.3,74.1
A0320404,高筋麵粉,,穀物類,362,12.9,1.2,73.1
A0320405,高筋麵粉(2021年取樣),強力粉,穀物類,362,13.8,1.3,72.2
A0320505,全麥麵粉,,穀物類,359,13,1.7,71.4
A0320601,雜糧中筋麵粉,,穀物類,361,13.1,2.3,72
A0320702,雜糧高筋麵粉,,穀物類,360,14.3,2.8,69.6
A0400101,白玉米,,穀物類,66,3.4,0.6,11.5
A0400201,紫玉米,,穀物類,168,4.5,1,34.4
A0400301,甜玉米,"玉米,黃玉米",穀物類,107,3.3,2.5,17.8
A0400401,雙色水果玉米,"玉米,黃玉米",穀物類,105,3.1,2.6,17.5
A0400501,糯玉米,,穀物類,172,4.7,1.9,33.4
A0400601,冷凍玉米粒,,穀物類,174,3.1,8.2,22.5
A0410101,乾玉米粒,,穀物類,373,10.9,3.9,72.2
A0410201,玉米胚芽,"玉米仁,珍珠米",穀物類,366,7,0.9,80.3
A0420101,玉米粉,,穀物類,369,0.3,0.4,88.3
A05001,秈米平均值,"在來米,長米",穀物類,357,7.8,0.9,77.4
A0500101,秈米(台中在來2號),"在來米,長米",穀物類,355,8.2,1,76.3
A0500102,秈米(台中秈10號),"在來米,長米",穀物類,358,7.4,0.7,78.5
A0500103,秈米(台中秈10號)(2024年取樣),"在來米,長米",穀物類,357,6.1,0.6,79.8
A05002,稉米平均值,"蓬萊米,圓米",穀物類,354,7,0.7,77.8
A0500201,稉米(台中189號),"蓬萊米,圓米",穀物類,356,7.5,0.6,78.1
A0500202,稉米(台南11號),"蓬萊米,圓米",穀物類,348,6.7,0.5,77.2
A0500203,稉米(台稉2號),"蓬萊米,圓米",穀物類,357,7.2,0.5,78.7
A0500204,稉米(台稉8號),"蓬萊米,圓米",穀物類,355,6.9,0.4,78.8
A0500205,稉米(台稉9號),"蓬萊米,圓米",穀物類,353,6.6,0.6,78.2
A0500206,稉米(台農71號),"蓬萊米,圓米,益全香米",穀物類,357,7.9,0.6,77.8
A0500207,稉米(高雄139號),"蓬萊米,圓米",穀物類,357,6.1,1.2,78.5
A0500208,稉米(高雄142號),"蓬萊米,圓米",穀物類,353,7,0.6,77.7
A0500209,稉米(高雄145號),,穀物類,364,6.8,1,80
A0500210,稉米(高雄139號)(2021年取樣),"蓬萊米,圓米",穀物類,352,5.7,0.5,79.2
A0500301,越光米,"蓬萊米,圓米",穀物類,340,7.6,1,73.3
A0500302,越光米(台南16號)(2024年取樣),"蓬萊米,圓米",穀物類,356,6.9,0.3,79.1
A0500401,秈型糯米(台中糯70號),長糯米,穀物類,361,7.9,0.9,78.4
A05005,稉型糯米平均值,圓糯米,穀物類,358,8.3,0.8,77.4
A0500501,稉型糯米,圓糯米,穀物類,359,8.4,0.5,78
A0500502,稉型糯米(台稉糯1號),圓糯米,穀物類,358,8.2,1.1,76.8
A0500601,野生紅米,,穀物類,360,7.7,2.6,74.7
A0500701,紅糯糙米,,穀物類,362,9.9,2.8,72.6
A0500801,黑秈糯糙米,"黑糯米,紫糯米,紫米,貢米,長生米",穀物類,357,10.1,3.5,70.1
A0500901,胚芽秈米(台中秈10號),,穀物類,363,8.3,2.1,76.1
A05010,胚芽稉米平均值,,穀物類,362,8.2,1.6,76.8
A0501001,胚芽稉米(台稉10號）,,穀物類,360,7.3,1.7,77.2
A0501002,胚芽稉米(台稉9號),,穀物類,363,9.1,1.5,76.5
A05011,發芽稉米平均值,發芽糙米,穀物類,355,7.8,2.3,74
A0501103,發芽稉米(台稉71號),"發芽糙米,益全香米發芽米",穀物類,357,7.4,2.8,73.9
A0501104,發芽稉米(台稉9號）,發芽糙米,穀物類,353,8.2,1.9,74.1
A0501201,糙秈米,糙米,穀物類,359,7.3,3.2,73.6
A05013,糙稉米平均值,糙米,穀物類,364,7.4,2.3,76.6
A0501301,糙稉米(台稉71號),益全香米糙米,穀物類,360,9,2.6,73.6
A0501302,糙稉米(台稉9號),糙米,穀物類,364,7.4,2.3,76.6
A0501401,黑秈糙米,黑米,穀物類,363,7.5,3.5,74
A0510101,加鈣米,,穀物類,355,7.4,0.7,77.7
A0510201,高纖米,高纖蓬萊米,穀物類,363,8.3,2.5,75.2
A0510301,五穀米,,穀物類,358,8.7,2.9,72.9
A0510401,米胚芽,,穀物類,391,17,12.7,52.9
A0520201,秈米粉,在來米粉,穀物類,363,4.2,0.4,83.4
A0520301,糙米粉,,穀物類,393,11.3,3.2,78.1
A0520401,白糯米粉,,穀物類,360,4.5,0.4,82.3
A0550601,白飯,,穀物類,183,3.1,0.3,41
A0600101,高梁,,穀物類,372,11,3,73.6
A0600201,糯高梁,,穀物類,362,10.7,1,75.7
A0710101,黑麥片,,穀物類,359,7.8,1.2,77.3
A0800101,燕麥,,穀物類,406,10.9,10.2,67.4
A0810101,燕麥片,,穀物類,393,12.3,9.7,64.1
A0810201,即食燕麥片,,穀物類,406,11.9,9.6,67.9
A0900101,蕎麥(甜蕎),三角米,穀物類,361,11,2.9,71.3
A1000101,薏仁,"薏仁,薏苡仁",穀物類,378,14.1,6.1,66.2
A1000201,糙薏仁,紅薏仁,穀物類,387,13.7,7.4,65.9
A1020101,薏仁粉,,穀物類,395,10.9,3.5,80
A1100101,紅藜麥,,穀物類,379,12.1,6.7,66.8
A1100201,台灣藜(紅)(帶殼),"藜,赤藜,紫藜,紅心藜,紅藜,食用藜",穀物類,386,14.9,8.5,62.3
B0100101,淮山,"山芋,山薯,田薯,薯蕷,長薯;淮山(加工後)",澱粉類,363,5.3,0.3,82.4
B01002,山藥平均值,"山芋,山薯,田薯,薯蕷,長薯;淮山(加工後)",澱粉類,85,2.8,0.1,17.8
B0100201,山藥(二刺),"山芋,山薯,田薯,薯蕷,長薯;淮山(加工後)",澱粉類,89,2.7,0.1,18.9
B0100202,山藥(大汕1號),"山芋,山薯,田薯,薯蕷,長薯;淮山(加工後)",澱粉類,80,2.4,0.1,17
B0100203,山藥(大汕3號),"山芋,山薯,田薯,薯蕷,長薯;淮山(加工後)",澱粉類,73,2.6,0.1,15
B0100204,山藥(大刺),"山芋,山薯,田薯,薯蕷,長薯;淮山(加工後)",澱粉類,85,3.5,0.1,17.1
B0100205,山藥(中國長品),"山芋,山薯,田薯,薯蕷,長薯;淮山(加工後)",澱粉類,74,2.5,0.1,15.5
B0100206,山藥(台農1號),"山芋,山薯,田薯,薯蕷,長薯;淮山(加工後)",澱粉類,93,2.6,0.1,19.9
B0100207,山藥(台農2號),"山芋,山薯,田薯,薯蕷,長薯;淮山(加工後)",澱粉類,95,3.2,0.1,19.9
B0100208,山藥(白皮削),"山芋,山薯,田薯,薯蕷,長薯;淮山(加工後)",澱粉類,75,2.5,0.1,15.7
B0100209,山藥(尖石原生種),"山芋,山薯,田薯,薯蕷,長薯;淮山(加工後)",澱粉類,65,3.1,0.1,12.4
B0100210,山藥(宜蘭原生種),"山芋,山薯,田薯,薯蕷,長薯;淮山(加工後)",澱粉類,140,4.8,0.2,29.1
B0100211,山藥(花蓮3號),"山芋,山薯,田薯,薯蕷,長薯;淮山(加工後)",澱粉類,93,1.7,0.1,20.9
B0100212,山藥(青森),"山芋,山薯,田薯,薯蕷,長薯;淮山(加工後)",澱粉類,94,2.6,0.2,19.9
B0100213,山藥(高田),"山芋,山薯,田薯,薯蕷,長薯;淮山(加工後)",澱粉類,71,3.1,0.1,14
B0100214,山藥(白肉),日本山藥,澱粉類,69,2.1,0.1,14.4
B0200301,紫山藥,"山薯,田薯,薯蕷,長薯,血薯;淮山(加工後)",澱粉類,92,2.8,0.1,19.6
B0320101,木薯粉,樹薯粉,澱粉類,362,0.1,0.2,87.3
B0400101,白皮甘藷,"甘薯,番薯,甜薯,地瓜,田薯,土薯,白薯",澱粉類,119,1.3,0.1,27.5
B0400201,菱角牛奶甘藷,"甘薯,番薯,甜薯,地瓜,田薯,土薯,白薯",澱粉類,133,1.9,0.3,29.9
B0400301,芋心甘藷,"甘薯,番薯,甜薯,地瓜,田薯,土薯,紅薯,紫心甘薯,芋頭(仔)番薯",澱粉類,122,1.1,0.1,28.5
B0400401,紅肉甘藷,"甘薯,番薯,甜薯,地瓜,田薯,土薯",澱粉類,114,1.8,0.2,25.4
B0400501,金時甘藷,"甘薯,番薯,甜薯,地瓜,田薯,土薯",澱粉類,138,1.6,0.4,31.3
B0400601,黃肉甘藷,"甘薯,番薯,甜薯,地瓜,田薯,土薯",澱粉類,121,1.3,0.2,27.8
B0420101,甘藷粉,"甘薯粉,蕃薯粉,甜薯粉,地瓜粉",澱粉類,358,1,0.2,85.5
B0450101,油炸脫水甘藷,,澱粉類,525,2.3,30.1,61.2
B0500101,芋頭,"芋頭,芋艿,芋乃,芋仔,青芋,土芝",澱粉類,128,2.5,1.1,26.4
B0500201,小芋頭(山芋),"芋頭,芋艿,芋乃,芋仔,青芋,土芝",澱粉類,113,2.3,1.2,22.8
B0500301,檳榔心芋,"芋頭,芋艿,芋乃,芋仔,青芋,土芝",澱粉類,121,1.3,0,28.1
B0500302,檳榔心芋(2021年取樣),"芋頭,芋艿,芋乃,芋仔,青芋,土芝",澱粉類,107,1.1,0,24.8
B0500401,冷凍芋頭塊,,澱粉類,147,2.2,4.3,24.9
B0520101,芋頭粉,,澱粉類,333,0.1,0,83.1
B0600101,豆薯,"刈薯,涼薯,葛薯,沙葛,地瓜,三角薯",澱粉類,31,0.7,0.1,6.8
B0700101,紅馬鈴薯(粉紅珍珠馬鈴薯),"洋芋,洋薯,洋山芋,荷蘭薯,日本番薯,塊茄",澱粉類,66,1.6,0,14.4
B0700201,馬鈴薯,"洋芋,洋薯,洋山芋,荷蘭薯,日本番薯,塊茄",澱粉類,77,2.6,0.2,15.8
B0700202,馬鈴薯(2022年取樣),"洋芋,洋薯,洋山芋,荷蘭薯,日本番薯,塊茄",澱粉類,70,2.3,0,14.9
B0700301,小馬鈴薯(珍珠馬鈴薯),"洋芋,洋薯,洋山芋,荷蘭薯,日本番薯,塊茄",澱粉類,59,1.7,0,12.8
B0720101,馬鈴薯粉,太白粉,澱粉類,346,0.1,0.1,83.8
B0800101,荸薺,"水栗,地栗,馬蹄,馬薯,烏芋,水燈心草,海蔥仔,水蔥仔",澱粉類,67,1.7,0.1,14.5
B0820101,荸薺粉,"水栗粉,地栗粉,馬蹄粉,馬薯粉,烏芋粉,水燈心草粉,海蔥仔粉,水蔥仔粉",澱粉類,365,0.4,0.2,87.8
B0900101,蓮藕,"蓮根,藕,芙蕖,荷花藕",澱粉類,65,2,0.2,13.5
B0900201,熟蓮藕,"蓮根,藕,芙蕖,荷花藕",澱粉類,50,1.1,0.1,11
B0900202,熟蓮藕切片(水煮),"蓮根,藕,芙蕖,荷花藕",澱粉類,73,0.8,0,16.9
B0920101,蓮藕粉,,澱粉類,365,0.1,0.1,88.3
B1000101,菱角(生),"菱,芰,龍角,羊家,紅菱",澱粉類,76,1.9,0.3,16.1
B1000201,菱角仁(生),,澱粉類,118,4.1,0.3,24.1
B1000301,菱角(熟),"菱,芰,龍角,羊家,紅菱",澱粉類,146,4.2,0.3,31
B9900201,蒟蒻粉,,澱粉類,351,0.2,0.2,87.2
C0105101,甘扁桃仁片(生),杏仁片(生),堅果及種子類,564,27.3,47.8,17
C0110101,甘扁桃仁片(熟),杏仁片(熟),堅果及種子類,618,23.4,56.9,14.8
C0110201,甘扁桃仁(熟),杏仁果(熟),堅果及種子類,588,21.9,49.8,23.2
C0205101,松子仁(生),,堅果及種子類,678,16.6,69.5,9.4
C0210101,原味松子仁,,堅果及種子類,680,14.5,69,13
C0310101,原味夏威夷豆,夏威夷火山豆,堅果及種子類,700,7.5,71.6,18.2
C0405101,生核桃,,堅果及種子類,667,15.4,67.9,11.2
C0500101,栗子(生),,堅果及種子類,264,4.6,1.4,57.9
C0500202,栗子仁(生),,堅果及種子類,176,3.7,0.7,38.7
C0710101,開心果,,堅果及種子類,601,22.4,52.7,20.1
C0805101,腰果(生),,堅果及種子類,568,18.3,45.5,30.3
C0810101,原味腰果,,堅果及種子類,566,16.4,43.7,35.2
C0905101,原味榛果,,堅果及種子類,672,13,66.5,17.2
C1005101,山粉圓,,堅果及種子類,400,16.3,12.8,58
C1305101,亞麻仁籽,,堅果及種子類,524,20.8,40.3,28.1
C1320101,亞麻仁籽粉,,堅果及種子類,557,21.7,43.6,28.6
C1410101,咖啡豆(曼特寧),,堅果及種子類,437,13.9,14.9,65.1
C1505101,奇亞子,,堅果及種子類,483,21.7,31.8,34.8
C1605101,白芝麻(生),,堅果及種子類,598,22.3,54.9,15
C1605102,黑芝麻(生),,堅果及種子類,551,22.2,48.1,17.6
C1610101,白芝麻(熟),,堅果及種子類,626,20.3,58.7,15.7
C1610102,白芝麻(熟)2022年取樣),,堅果及種子類,601,21.7,52.4,21.2
C1610201,黑芝麻(熟),,堅果及種子類,599,17.3,54.4,20.6
C1610202,黑芝麻(熟)(2022年取樣),,堅果及種子類,591,20.7,51.8,21.1
C1620101,黑芝麻粉,,堅果及種子類,601,15.7,55.2,20.8
C1700101,帶殼花生(生),"土豆,長生果,落花生",堅果及種子類,331,15.3,27.2,12.2
C1700201,冷凍帶殼花生(熟),"土豆,長生果,落花生",堅果及種子類,344,17.2,27.4,13.3
C1700301,黑金剛花生(生),"花生,土豆,長壽果",堅果及種子類,553,27.6,46.6,16.6
C1705101,帶膜花生仁(生)(1995年之前取樣),"土豆,長生果,落花生",堅果及種子類,506,28.8,38.5,20.6
C1705201,去膜花生仁(生),"土豆,長生果,落花生",堅果及種子類,558,28.8,45.4,19.1
C1705301,帶膜花生仁(生)(2004年取樣),"土豆,長生果,落花生",堅果及種子類,516,23.6,38.1,28.4
C1710101,紅土帶殼花生(熟),"土豆,長生果,落花生",堅果及種子類,555,31.2,43.9,19.5
C1720101,花生粉,,堅果及種子類,516,28.5,33.8,33
C1800101,芡實,"雞頭米,雞頭",堅果及種子類,343,9.9,0.1,75.4
C2005101,愛玉子,"愛玉,草子仔,草枳子,天拋藤,玉枳,枳子,天拋,風不動",堅果及種子類,407,12.2,12.5,63.7
C2110101,原味葵瓜子(去殼),,堅果及種子類,586,22,51.9,18.7
C2200101,銀杏果,"白果,銀杏核,公孫樹子,鴨腳樹子,靈眼",堅果及種子類,142,4.1,1.2,28.9
C2300101,蓮子,,堅果及種子類,141,9.3,0.5,25.6
C2305101,蓮子(乾),,堅果及種子類,334,21.8,1.2,60.9
D0100101,山竹,"鳳果,都捻子,倒稔子,羅漢果,莽吉柿,果中之后",水果類,69,0.6,0.3,18.1
D02001,木瓜平均值,"番木瓜,番瓜",水果類,38,0.6,0.1,9.9
D0200101,木瓜(2月取樣),"番木瓜,番瓜",水果類,31,0.7,0.1,7.7
D0200102,木瓜(5月取樣),"番木瓜,番瓜",水果類,44,0.7,0.1,11.3
D0200103,木瓜(8月取樣),"番木瓜,番瓜",水果類,33,0.5,0,8.8
D0200104,木瓜(11月取樣),"番木瓜,番瓜",水果類,44,0.4,0.1,11.8
D0200201,青木瓜,"青番木瓜,青番瓜",水果類,29,0.6,0.1,7.2
D0300101,安石榴,"石榴, 榭榴, 謝榴, 樹榴",水果類,67,1.7,0.1,16.8
D0400101,百香果(台農一號),"時計果,西番果",水果類,102,2,2.2,21.3
D0430101,百香果汁,"時計果汁,西番果汁,西番蓮汁,美里瓜汁",水果類,73,0.9,0.4,18.6
D0500101,金黃奇異果,"彌猴桃,猴桃,猴梨,藤梨,毛桃,羊桃,紅藤梨,金桃,楊桃",水果類,59,0.8,0.3,15
D0500201,奇異果,"彌猴桃,猴桃,猴梨,藤梨,毛桃,羊桃,紅藤梨,金桃,楊桃",水果類,56,1.1,0.3,14
D0600101,紅毛丹,"韶子,毛龍眼,毛荔枝",水果類,73,1,0.7,17.9
D0700101,紅龍果(白肉),"火龍果,仙蜜果",水果類,51,0.9,0.4,12.4
D0700201,紅龍果(紅肉),"火龍果,仙蜜果",水果類,50,1.1,0.2,12.3
D08001,北蕉平均值,"香蕉,芎蕉,弓蕉,甘蕉",水果類,85,1.5,0.1,22.1
D0800101,北蕉(2月取樣),"香蕉,芎蕉,弓蕉,甘蕉",水果類,93,1.3,0,24.6
D0800102,北蕉(5月取樣),"香蕉,芎蕉,弓蕉,甘蕉",水果類,92,1.6,0.2,23.7
D0800103,北蕉(9月取樣),"香蕉,芎蕉,弓蕉,甘蕉",水果類,65,1.3,0,16.6
D0800104,北蕉(11月取樣),"香蕉,芎蕉,弓蕉,甘蕉",水果類,90,1.6,0.1,23.4
D0800201,"北蕉(0天,綠皮)","香蕉,芎蕉,弓蕉,甘蕉",水果類,90,1.3,0.3,23.3
D0800301,北蕉(1天),"香蕉,芎蕉,弓蕉,甘蕉",水果類,87,1.4,0.3,22.2
D0800401,北蕉(3天),"香蕉,芎蕉,弓蕉,甘蕉",水果類,84,1.4,0.3,21.3
D0800501,北蕉(7天),"香蕉,芎蕉,弓蕉,甘蕉",水果類,68,1.3,0.2,17.1
D0800601,李林蕉(2007年取樣),"香蕉,芎蕉,弓蕉,甘蕉(牛角蕉,佛手蕉,美人蕉,樹蕉)",水果類,102,1.4,0.3,26.3
D0800602,李林蕉(2012年取樣),"香蕉,芎蕉,弓蕉,甘蕉(牛角蕉,佛手蕉,美人蕉,樹蕉)",水果類,111,1.5,0.1,29.2
D0800701,南華蕉,"香蕉,芎蕉,弓蕉,甘蕉(芭蕉)",水果類,124,1.1,0.1,33.2
D0800801,紅皮蕉(2004年取樣),"香蕉,芎蕉,弓蕉,甘蕉,蘋果蕉",水果類,93,1.3,0.3,24
D0800802,紅皮蕉(2012年取樣),"香蕉,芎蕉,弓蕉,甘蕉,蘋果蕉",水果類,98,1.3,0.2,25.5
D0801101,蛋蕉(2023年取樣),"旦蕉, 一口蕉",水果類,87,1.1,0,23.3
D0900101,酪梨(綠皮),"牛油果(梨),黃油果(梨),油梨,鰐(鱷)梨,幸福果,樂天果",水果類,65,1.6,3.7,7.9
D0900201,酪梨(室溫存放0天),"牛油果(梨),黃油果(梨),油梨,鰐(鱷)梨,幸福果,樂天果",水果類,80,1.5,5.9,7.1
D0900301,酪梨(室溫存放3天),"牛油果(梨),黃油果(梨),油梨,鰐(鱷)梨,幸福果,樂天果",水果類,84,1.4,6.8,6.3
D0900401,酪梨(室溫存放6天),"牛油果(梨),黃油果(梨),油梨,鰐(鱷)梨,幸福果,樂天果",水果類,92,1.5,7.6,6.6
D1000101,榴槤,"榴蓮,流連,山韶子",水果類,132,2.7,1.9,29.7
D1100101,開英種1號鳳梨,"旺來,波羅,黃萊,黃梨,王萊(開英種1號,1號仔,突目仔)",水果類,56,0.6,0.2,14.5
D11002,鳳梨平均值(雜交種),"鳳梨,旺來,波羅,黃萊,黃梨,王萊",水果類,53,0.7,0.1,13.6
D1100201,甘蔗鳳梨,"旺來,波羅,黃萊,黃梨,王萊(台農13號,冬蜜鳳梨)",水果類,57,0.7,0.1,15.1
D1100202,甜蜜蜜鳳梨,"旺來,波羅,黃萊,黃梨,王萊(台農16號)",水果類,42,1,0.1,10.6
D1100203,金鑽鳳梨,"旺來,波羅,黃萊,黃梨,王萊(台農17號,春蜜鳳梨)",水果類,50,0.5,0.1,13.2
D1100204,牛奶鳳梨,"旺來,波羅,黃萊,黃梨,王萊(台農20號)",水果類,60,0.8,0.3,15.4
D1200101,釋迦,"番荔枝,釋迦果,佛頭果,番梨",水果類,104,2.2,0.1,26.6
D1200201,鳳梨釋迦,"旺來釋迦,奇美釋迦,蜜釋迦",水果類,102,1.5,0.4,26
D1300101,桑葚,"桑果,桑葚兒",水果類,32,1.1,0.4,7
D1330101,桑葚汁,"桑果,桑葚兒",水果類,25,0.8,0.2,5.9
D1400101,草莓,,水果類,39,1,0.2,9.3
D1500101,土芭樂,"番石榴,芭樂,拔仔,扒仔,朳仔,那拔仔,藍拔",水果類,39,0.7,0.1,10
D15002,芭樂平均值(白肉),"番石榴,芭樂,拔仔,扒仔,朳仔,那拔仔,藍拔",水果類,40,0.7,0.1,10.2
D1500201,番石榴(珍珠拔)(有機),"牛乳芭樂,牛奶芭樂,芭樂,拔仔,扒仔,朳仔,那拔仔,藍拔",水果類,40,0.6,0.1,10.4
D1500202,世紀芭樂,"番石榴,芭樂,拔仔,扒仔,朳仔,那拔仔,藍拔",水果類,40,0.7,0.1,10.3
D1500203,珍珠芭樂,"番石榴,芭樂,拔仔,扒仔,朳仔,那拔仔,藍拔",水果類,42,0.7,0.2,10.6
D1500204,泰國芭樂,"番石榴,芭樂,拔仔,扒仔,朳仔,那拔仔,藍拔",水果類,38,0.8,0.1,9.7
D1500205,無子芭樂,"番石榴,芭樂,拔仔,扒仔,朳仔,那拔仔,藍拔",水果類,33,0.7,0,8.6
D1500301,紅心芭樂,"番石榴,芭樂,拔仔,扒仔,朳仔,那拔仔,藍拔",水果類,42,0.8,0.1,10.7
D16001,楊桃平均值,"羊桃,洋桃,陽桃,五稜子,五斂子",水果類,32,0.5,0.1,8.2
D1600101,楊桃(2月取樣),"羊桃,洋桃,陽桃,五稜子,五斂子",水果類,29,0.4,0.1,7.6
D1600102,楊桃(4月取樣),"羊桃,洋桃,陽桃,五稜子,五斂子",水果類,32,0.7,0.1,8.1
D1600103,楊桃(5月取樣),"羊桃,洋桃,陽桃,五稜子,五斂子",水果類,34,0.6,0.1,8.7
D1600104,楊桃(9月取樣),"羊桃,洋桃,陽桃,五稜子,五斂子",水果類,33,0.5,0,8.8
D1600105,楊桃(11月取樣),"羊桃,洋桃,陽桃,五稜子,五斂子",水果類,31,0.4,0,8
D1700101,美國紅葡萄,"蒲桃,蒲萄,草龍珠,蒲陶,葡桃",水果類,69,0.4,0.4,17.7
D1700201,巨峰葡萄,"蒲桃,蒲萄,草龍珠,蒲陶,葡桃",水果類,64,0.5,0.3,16.6
D17003,綠葡萄平均值,"葡萄,蒲桃,蒲萄,草龍珠,蒲陶,葡桃",水果類,58,0.5,0.2,15.3
D1700301,美國綠葡萄,"蒲桃,蒲萄,草龍珠,蒲陶,葡桃(青葡萄,白葡萄)",水果類,64,0.5,0.2,16.8
D1700302,意大利葡萄,"蒲桃,蒲萄,草龍珠,蒲陶,葡桃",水果類,52,0.5,0.1,13.7
D1700401,美國紅葡萄(含皮),"蒲桃,蒲萄,草龍珠,蒲陶,葡桃",水果類,61,0.4,0.1,16.3
D1700501,美國紫葡萄(含皮),"蒲桃,蒲萄,草龍珠,蒲陶,葡桃",水果類,80,0.4,0,21.9
D1700601,美國黑葡萄(含皮),"蒲桃,蒲萄,草龍珠,蒲陶,葡桃",水果類,63,0.6,0.2,16.4
D1700701,美國綠葡萄(含皮),"蒲桃,蒲萄,草龍珠,蒲陶,葡桃(青葡萄,白葡萄)",水果類,87,0.6,0.4,22.7
D1700801,無子紅葡萄(含皮),"蒲桃,蒲萄,草龍珠,蒲陶,葡桃",水果類,72,0.5,0.1,19.2
D1700901,黑美人葡萄(含皮),"蒲桃,蒲萄,草龍珠,蒲陶,葡桃",水果類,66,0.5,0.1,17.4
D1701001,金香葡萄(含皮),"蒲桃,蒲萄,草龍珠,蒲陶,葡桃",水果類,60,0.6,0.1,16
D1710101,葡萄乾,,水果類,306,3.2,1.5,78.7
D18001,蓮霧平均值(粉紅色種),"璉霧,輦霧,洋蒲桃",水果類,39,0.4,0.3,10
D1800101,蓮霧(紅寶石),"璉霧,輦霧,洋蒲桃,水蓊",水果類,33,0.3,0.3,8.1
D1800102,蓮霧(黑金剛),"璉霧,輦霧,洋蒲桃,水蓊",水果類,34,0.5,0.1,8.8
D1800103,蓮霧(黑珍珠),"璉霧,輦霧,洋蒲桃,水蓊",水果類,51,0.3,0.4,13
D1900101,華寶大西瓜(花蓮),"水瓜,寒瓜,夏瓜",水果類,33,0.7,0.1,8.4
D19002,西瓜平均值(紅肉小瓜),"水瓜,寒瓜,夏瓜",水果類,33,0.8,0.1,8
D1900201,皇宮西瓜,"水瓜,寒瓜,夏瓜",水果類,32,0.7,0.1,8.1
D1900202,紅鈴西瓜,"水瓜,寒瓜,夏瓜",水果類,34,0.8,0.1,8.5
D1900203,黑美人西瓜,"水瓜,寒瓜,夏瓜",水果類,36,0.9,0.1,9.1
D1900204,鳳光西瓜,"水瓜,寒瓜,夏瓜",水果類,27,0.7,0.2,6.5
D1900301,無籽西瓜,"水瓜,寒瓜,夏瓜",水果類,33,0.9,0,8.2
D19004,西瓜平均值(黃肉小瓜),"水瓜,寒瓜,夏瓜",水果類,29,0.7,0,7.3
D1900401,小玉西瓜,"水瓜,寒瓜,夏瓜",水果類,34,0.8,0.1,8.7
D1900402,金蘭西瓜,"水瓜,寒瓜,夏瓜",水果類,24,0.6,0,6
D1900501,嘉寶瓜,"水瓜,寒瓜,夏瓜(嘉寶兵瓜)",水果類,40,0.8,0.2,10
D20001,甜瓜平均值(光皮洋香瓜),"甜瓜,甘瓜,果瓜,香瓜,梨仔瓜,澎湖瓜,洋香瓜",水果類,30,0.9,0.1,7.2
D2000101,太陽洋香瓜,"甜瓜,甘瓜,果瓜,香瓜,梨仔瓜,澎湖瓜,洋香瓜",水果類,32,1.2,0,7.8
D2000102,狀元瓜,"甜瓜,甘瓜,果瓜,香瓜,梨仔瓜,澎湖瓜,洋香瓜",水果類,27,0.7,0.1,6.6
D2000103,蜜世界洋香瓜,"甜瓜,甘瓜,果瓜,香瓜,梨仔瓜,澎湖瓜,洋香瓜",水果類,29,0.7,0.1,7.1
D20002,甜瓜平均值(東洋系脆瓜),"甜瓜,甘瓜,果瓜,香瓜,梨仔瓜,澎湖瓜",水果類,37,1,0.2,8.9
D2000201,美濃瓜,"甜瓜,甘瓜,果瓜,香瓜,梨仔瓜,澎湖瓜",水果類,37,1.1,0.2,8.8
D2000202,黃香瓜,"甜瓜,甘瓜,果瓜,香瓜,梨仔瓜,澎湖瓜",水果類,30,0.6,0.2,7.5
D2000203,嘉玉甜瓜,"甜瓜,甘瓜,果瓜,香瓜,梨仔瓜,澎湖瓜",水果類,43,1.3,0.1,10.4
D2000301,洋香瓜(新世紀),"網仔瓜,哈密瓜",水果類,39,0.7,0,10.1
D2000302,新疆哈密瓜,"網仔瓜,哈密瓜",水果類,28,0.7,0.1,6.9
D2000303,洋香瓜(卡蜜拉),"網仔瓜,哈密瓜",水果類,38,0.6,0.2,9.5
D20004,甜瓜平均值(網紋洋香瓜),"甜瓜,甘瓜,果瓜,香瓜,梨仔瓜,澎湖瓜,洋香瓜,網仔瓜,哈蜜瓜",水果類,37,0.9,0,9.3
D2000401,七股香洋香瓜,"甜瓜,甘瓜,果瓜,香瓜,梨仔瓜,澎湖瓜,洋香瓜,網仔瓜,哈蜜瓜",水果類,40,0.6,0.1,10.5
D2000402,天香洋香瓜,"甜瓜,甘瓜,果瓜,香瓜,梨仔瓜,澎湖瓜,洋香瓜,網仔瓜,哈蜜瓜",水果類,44,0.8,0,11.6
D2000403,秋香洋香瓜,"甜瓜,甘瓜,果瓜,香瓜,梨仔瓜,澎湖瓜,洋香瓜,網仔瓜,哈蜜瓜",水果類,34,1,0,8.4
D2000404,紅寶石洋香瓜,"甜瓜,甘瓜,果瓜,香瓜,梨仔瓜,澎湖瓜,洋香瓜,網仔瓜,哈蜜瓜",水果類,39,1.2,0,9.6
D2000405,香華洋香瓜,"甜瓜,甘瓜,果瓜,香瓜,梨仔瓜,澎湖瓜,洋香瓜,網仔瓜,哈蜜瓜",水果類,30,0.7,0,7.7
D2000406,藍寶石洋香瓜,"甜瓜,甘瓜,果瓜,香瓜,梨仔瓜,澎湖瓜,洋香瓜,網仔瓜,哈蜜瓜",水果類,34,1.1,0,8.2
D2100101,土芒果,"檬果,檨仔,菴羅果(柴檨,土檨仔)",水果類,54,0.6,0.3,13.8
D21002,芒果平均值(西洋種),"檬果,檨仔,菴羅果",水果類,50,0.6,0.2,13
D2100201,肯特芒果,"檬果,檨仔,菴羅果",水果類,49,0.5,0.2,12.7
D2100202,海頓芒果,"檬果,檨仔,菴羅果",水果類,60,0.4,0.2,15.7
D2100203,凱特芒果,"檬果,檨仔,菴羅果",水果類,50,1.1,0.2,12.5
D2100204,愛文芒果,"檬果,檨仔,菴羅果(蘋果芒果)",水果類,42,0.4,0.2,11
D2100205,聖心芒果,"檬果,檨仔,菴羅果",水果類,50,0.5,0.2,12.9
D2100301,黑香芒果,"檬果,檨仔,菴羅果",水果類,66,0.8,0.3,16.9
D21004,芒果平均值(新興種),"檬果,檨仔,菴羅果",水果類,56,0.6,0.2,14.4
D2100401,四季芒果,"檬果,檨仔,菴羅果(四季檨)",水果類,60,0.6,0.2,15.6
D2100402,玉文芒果,"檬果,檨仔,菴羅果",水果類,62,0.5,0.3,16.1
D2100403,金煌芒果,"檬果,檨仔,菴羅果",水果類,52,0.8,0.2,13
D2100404,金蜜芒果,"檬果,檨仔,菴羅果",水果類,64,0.6,0.4,16.3
D2100405,金興芒果,"檬果,檨仔,菴羅果",水果類,41,0.6,0.1,10.6
D2100406,香水芒果,"檬果,檨仔,菴羅果",水果類,65,0.6,0.2,17.1
D2100407,蓮花芒果,"檬果,檨仔,菴羅果",水果類,47,0.4,0.2,12.2
D2110101,芒果乾,,水果類,334,0.6,1,90
D22001,荔枝平均值,"丹荔,荔錦,麗枝,離枝",水果類,65,1,0.2,16.5
D2200101,玉荷苞荔枝,"丹荔,荔錦,麗枝,離枝",水果類,68,1.2,0.2,17.3
D2200102,黑葉仔荔枝,"丹荔,荔錦,麗枝,離枝",水果類,62,0.9,0.2,15.8
D2200201,冷凍荔枝,"丹荔,荔錦,麗枝,離枝",水果類,28,0.4,0.1,7.2
D2300101,龍眼,"桂圓,龍目,圓眼",水果類,72,1.1,0.4,18
D2310101,龍眼乾,"桂圓乾,龍目乾,圓眼乾",水果類,276,5.1,0.5,70.9
D2310201,帶殼龍眼乾,"桂圓乾,龍目乾,圓眼乾",水果類,278,4.6,0.1,72.9
D24001,李子平均值(青皮黃肉),李子,水果類,48,0.7,0.4,11.7
D2400101,加州青李,李子,水果類,47,0.6,0.2,12
D2400102,翡翠李,李子,水果類,48,0.7,0.5,11.4
D24002,李子平均值(紅皮紅肉),李子,水果類,39,0.6,0.3,9.6
D2400201,紅肉李(大),李子,水果類,41,0.5,0.3,10
D2400202,紅肉李(小),李子,水果類,38,0.7,0.3,9.2
D24003,李子平均值(紅皮黃肉),李子,水果類,48,0.7,0.3,11.9
D2400301,加州紅李(台灣),李子,水果類,45,0.3,0.6,10.6
D2400302,加州紅李(進口),李子,水果類,60,0.8,0.3,15.3
D2400303,加州蜜李(進口),李子,水果類,66,1.3,0.1,17.1
D2400304,香水李,李子,水果類,36,0.7,0.3,8.8
D2400305,桃接李(大),李子,水果類,38,0.6,0.3,9.2
D2400306,桃接李(小),李子,水果類,36,0.7,0.3,8.6
D2400307,蜜棗李(進口),李子,水果類,53,0.6,0.2,13.6
D2400401,黃肉李,李子,水果類,35,0.4,0.2,8.9
D2400501,黑李,李子,水果類,57,0.7,0.2,14.7
D2500101,枇杷,琶琵果,水果類,38,0.3,0.2,9.8
D2600101,筆柿,"柿子,柹,香柿(長柿,珍寶柿,筆干柿)",水果類,69,0.6,0.1,18.3
D27002,甜柿平均值,"柿子,柹,香柿",水果類,57,0.5,0.1,15.2
D2700201,富有甜柿(大雪山),"柿子,柹,香柿",水果類,57,0.4,0.1,15.1
D2700202,甜柿(進口),"柿子,柹,香柿",水果類,57,0.6,0.1,15.3
D2700203,國產甜柿,"柿子,柹,香柿",水果類,47,0.4,0.1,12.7
D2700301,牛心柿,"柿子,柹,香柿(水柿,浸柿,硬柿,脆柿)",水果類,62,0.5,0.2,16.5
D2700401,四周柿,"柿子,柹,香柿(紅柿,軟柿)",水果類,66,0.5,0.1,17.6
D2700501,柿餅,,水果類,196,1.7,0.2,52.2
D28001,水蜜桃平均值,"毛桃,白桃",水果類,39,0.9,0.2,9.7
D2800101,水蜜桃,"毛桃,白桃",水果類,40,0.9,0.1,9.9
D2800102,甜蜜桃,"毛桃,白桃",水果類,39,0.9,0.2,9.6
D28002,脆桃平均值,"桃子,甜桃",水果類,44,0.9,0.1,11.1
D2800201,白油桃,"桃子,脆桃,甜桃",水果類,37,0.6,0.1,9.3
D2800202,玫瑰桃,"桃子,脆桃,甜桃",水果類,51,1.2,0.1,12.8
D2800203,福壽桃,"桃子,脆桃,甜桃",水果類,47,0.9,0.2,11.9
D2800204,鶯哥桃,"桃子,脆桃,甜桃",水果類,42,1,0.2,10.5
D2800301,蟠桃,餅桃,水果類,45,0.9,0.2,11.3
D2900101,青梅(胭脂梅),梅子,水果類,35,0.5,0.1,8.8
D30001,西洋梨平均值,"梨子,水梨,山褵,快果,果宗",水果類,53,0.3,0.2,14.1
D3000101,西洋梨(青皮),"梨子,水梨,山褵,快果,果宗",水果類,62,0.3,0.2,16.5
D3000102,西洋梨(紅皮),"梨子,水梨,山褵,快果,果宗",水果類,53,0.3,0.2,13.9
D3000103,西洋梨(黃皮),"梨子,水梨,山褵,快果,果宗",水果類,44,0.2,0.1,11.8
D3000201,幸水梨,"梨子,水梨,山褵,快果,果宗",水果類,34,0.4,0,9
D3000202,大雪梨,"梨子,水梨,山褵,快果,果宗",水果類,42,0.3,0.1,11.1
D3000203,新世紀梨,"梨子,水梨,山褵,快果,果宗",水果類,42,0.4,0.2,10.7
D3000204,新興梨,"梨子,水梨,山褵,快果,果宗",水果類,44,0.2,0.1,11.9
D3000205,橫山梨,"梨子,水梨,山褵,快果,果宗(三灣冬梨,粗梨)",水果類,47,0.4,0.1,12.4
D3000206,豐水梨,"梨子,水梨,山褵,快果,果宗",水果類,36,0.5,0.1,9.4
D3000301,將軍蜜梨,"梨子,水梨,山褵,快果,果宗(三星上將梨)",水果類,50,0.4,0.1,13.3
D3000302,梨山蜜梨,"梨子,水梨,山褵,快果,果宗",水果類,47,0.3,0,12.7
D31001,蜜棗平均值(大),"棗子,棗仔",水果類,43,1.1,0.1,10.7
D3100101,蜜棗(長形),"棗子,棗仔",水果類,43,1.2,0.2,10.4
D3100102,蜜棗(圓形),"棗子,棗仔(蜜絲棗)",水果類,44,0.9,0.1,11
D3100201,珍珠蜜棗,"棗子,棗仔",水果類,46,1.1,0,11.7
D3100301,國產紅棗,紅棗,水果類,87,0.9,0.1,23.1
D3100401,紅棗(乾),"大棗,棗仔",水果類,227,3.2,0.3,59.5
D3100402,黑棗(乾),"大棗,棗仔",水果類,230,2.7,0.2,60.9
D32001,蘋果平均值(青皮),"柰,林檎",水果類,50,0.3,0.2,13.1
D3200101,青龍蘋果,"柰,林檎,青蘋果",水果類,54,0.3,0.3,14
D3200102,翠玉青蘋果,"柰,林檎,青蘋果(翡翠,青玉,史蜜斯)",水果類,46,0.3,0.1,12.2
D3200201,翠玉青蘋果(帶皮),"柰,林檎,青蘋果(翡翠,青玉,史蜜斯)",水果類,54,0.4,0.2,14.1
D3200301,美國五爪蘋果,"柰,林檎,紅蘋果(元帥)",水果類,51,0.2,0.1,13.8
D32004,蘋果平均值(混色),"柰,林檎",水果類,51,0.2,0.1,13.9
D3200401,加拉蘋果,"柰,林檎",水果類,55,0.2,0.1,15
D3200402,津輕蜜蘋果,"柰,林檎",水果類,56,0.2,0.2,15.1
D3200403,秋香蘋果,"柰,林檎",水果類,45,0.3,0,12.3
D3200404,富士蘋果,"柰,林檎",水果類,49,0.2,0.1,13.1
D3200501,富士蘋果(帶皮),"柰,林檎",水果類,45,0.2,0.1,11.9
D3200601,金冠蘋果,"柰,林檎,黃蘋果(黃元帥)",水果類,49,0.4,0.1,13
D3300101,櫻桃,"中國櫻桃又稱鶯桃,荊桃",水果類,75,1.2,0.3,19.1
D3300201,白櫻桃,"中國櫻桃又稱鶯桃,荊桃",水果類,69,0.7,0.1,18.4
D3400101,椪柑,"橘子,蘆柑,壼柑,凸柑,乳柑,潮州柑",水果類,40,0.8,0.2,10
D3400201,紅柑,"美人(女)柑,明尼吉柚,葡萄蜜柑,迷你葡萄柚",水果類,42,0.8,0.1,10.6
D3400202,茂谷柑,柑,水果類,44,0.6,0.1,11.5
D3400203,海梨桶柑,"年柑,草山柑,焦柑,蜜桶,漳柑,草山桔(海梨)",水果類,44,0.9,0.2,11
D3400204,高牆桶柑,"年柑,草山柑,焦柑,蜜桶,漳柑,草山桔(桶柑)",水果類,45,0.8,0,11.8
D3400205,檸檬柑,"三寶柑,甜檸檬",水果類,48,1.1,0.1,12.2
D3400206,砂糖橘,"十月桔,沙糖桔,沙糖橘,砂糖桔",水果類,50,0.7,0.3,12.6
D3400301,長果金柑,"金棗,羅浮柑",水果類,56,1,0.2,14.1
D3400302,圓果金柑,"金桔,金橘,桔子",水果類,32,0.7,0.2,7.6
D3400303,圓果金柑汁(綠皮),"金桔,金橘,桔子",水果類,32,0.9,0.1,8
D3500101,文旦,"柚子,內紫,朱欒,香欒,座凡,拋,欒",水果類,34,0.7,0.1,8.8
D3500102,文旦(2023年取樣),"麻豆文旦,文旦柚",水果類,48,0.6,0,12.7
D3500201,白柚,"柚子,內紫,朱欒,香欒,座凡,拋,欒",水果類,37,0.6,0.1,9.6
D3500301,西施蜜柚,"柚子,內紫,朱欒,香欒,座凡,拋,欒(西施柚)",水果類,40,0.8,0.2,10.1
D36001,甜橙平均值(普遍系),"甜橙,柳橙,柳丁,印子柑,廣柑",水果類,46,0.8,0.2,11.3
D3600101,柳橙,"甜橙,柳橙,柳丁,印子柑,廣柑",水果類,44,0.8,0.1,11
D3600102,香吉士(進口),"甜橙,柳橙,柳丁,印子柑,廣柑",水果類,47,0.7,0.5,11.4
D3600103,澳洲甜橙(進口),"甜橙,柳橙,柳丁,印子柑,廣柑",水果類,46,0.9,0.1,11.6
D3700101,青皮葡萄柚,"西柚,朱欒",水果類,33,0.8,0.1,8.3
D3700201,紅寶石葡萄柚(古坑),"西柚,朱欒",水果類,37,0.7,0.3,8.9
D3700301,黃皮葡萄柚(進口),"西柚,朱欒",水果類,38,0.7,0.1,9.7
D3700401,黃皮葡萄柚,"西柚,朱欒",水果類,37,0.7,0.2,9.2
D3800101,檸檬,,水果類,33,0.7,0.5,7.4
D3800201,萊姆,無子檸檬,水果類,38,0.5,1,7.7
D38003,檸檬汁平均值,,水果類,31,0.5,0.4,7
D3800301,檸檬汁(黃皮),,水果類,30,0.5,0.3,7.2
D3800302,檸檬汁(綠皮),,水果類,31,0.4,0.6,6.9
D3830102,萊姆汁,無子檸檬,水果類,34,0.3,0.5,8.1
D3930101,紅甘蔗汁,甘蔗汁、高貴蔗汁、果蔗汁、干蔗汁、薯蔗汁、竹蔗汁,水果類,76,0.5,0.2,20.2
D3930102,"紅甘蔗汁(有機,2023年取樣)",甘蔗汁、高貴蔗汁、果蔗汁、干蔗汁、薯蔗汁、竹蔗汁,水果類,72,0.2,0.4,18.8
D4000101,人心果,"吳鳳柿,沙漠吉拉,查某囝仔,人蔘果",水果類,83,0.6,0.8,20.5
D41301,可可椰子汁平均值,"椰子汁,越王頭汁",水果類,17,0.1,0.1,4.4
D4130101,可可椰子汁(屏東),"椰子汁,越王頭汁",水果類,16,0.1,0.2,3.8
D4130102,可可椰子汁(進口),"椰子汁,越王頭汁",水果類,19,0.2,0,5
D4300101,蛋黃果,仙桃,水果類,106,1.4,0.3,27.3
D4400101,無花果,,水果類,67,1.2,0.4,16.5
D4410101,無花果乾,無花果,水果類,328,3.6,4.3,77.8
D4500101,黃金果,黃晶果,水果類,44,0.9,0.2,11
D4600101,菠蘿蜜,"天波羅,樹波羅",水果類,108,1,0.2,28.4
D4600201,榴槤蜜,"尖百達,尖蜜拉,小樹菠蘿,小波羅蜜",水果類,124,1.6,0.1,32.6
D4700101,牛奶果,星蘋果,水果類,62,0.8,0.3,15.8
D4800101,餘甘子,"油柑,油甘",水果類,43,0.3,0.3,10.8
D4900101,嘉寶果,樹葡萄,水果類,59,0.3,0.3,15.3
D5000101,藍莓(台灣),,水果類,53,0.5,0.3,13.6
E0100101,牛蒡,"吳帽,吳某,牛菜,蒡翁菜,鼠黏",蔬菜類,84,2.5,0.4,19.1
E02001,胡蘿蔔平均值,"紅蘿蔔,紅菜頭,黃蘿蔔,丁香蘿蔔,人參,金筍",蔬菜類,39,1.1,0.1,8.9
E0200101,胡蘿蔔,"紅蘿蔔,紅菜頭,黃蘿蔔,丁香蘿蔔,人參,金筍",蔬菜類,37,1,0.2,8.5
E0200102,向陽二號胡蘿蔔,"紅蘿蔔,紅菜頭,黃蘿蔔,丁香蘿蔔,人參,金筍",蔬菜類,44,0.6,0.1,10.6
E0200103,澳洲胡蘿蔔(細長型),"紅蘿蔔,紅菜頭,黃蘿蔔,丁香蘿蔔,人參,金筍",蔬菜類,34,1.7,0.1,7.5
E0200201,黃胡蘿蔔,"紅蘿蔔,紅菜頭,黃蘿蔔,丁香蘿蔔,人參,金筍",蔬菜類,42,1.1,0.3,9.4
E0200301,冷凍胡蘿蔔,"紅蘿蔔,紅菜頭,黃蘿蔔,丁香蘿蔔,人參,金筍",蔬菜類,13,0.5,0.1,3
E0300101,根菾菜根,"甜菜根,火焰菜根",蔬菜類,27,1.2,0.1,6
E0300102,根菾菜根(2023年取樣),"甜菜根,火焰菜根",蔬菜類,37,1.2,0,8.6
E04001,白蘿蔔平均值,"蘿蔔,菜頭,萊菔,蘆萉,仙人骨,大菜,大根",蔬菜類,18,0.5,0.1,3.9
E0400101,白蘿蔔,"蘿蔔,菜頭,萊菔,蘆萉,仙人骨,大菜,大根",蔬菜類,16,0.7,0.1,3.3
E0400102,白蘿蔔(長形),"蘿蔔,菜頭,萊菔,蘆萉,仙人骨,大菜,大根",蔬菜類,19,0.4,0.1,4.4
E0400201,櫻桃蘿蔔,"蘿蔔,菜頭,萊菔,小根蘿蔔,二十日蘿蔔,小粒菜頭",蔬菜類,11,0.6,0,2.3
E0400301,青蘿蔔,"蘿蔔,菜頭,萊菔,綠蘿蔔,綠長蘿蔔,青菜頭,青大根",蔬菜類,33,1.8,0.1,7
E0420101,蘿蔔乾,"菜脯乾,菜脯",蔬菜類,58,2.2,1.2,10.8
E0500101,百合鱗片,"百合,百合花鱗片,蒜腦藷",蔬菜類,137,3.8,0.1,32.3
E0510101,乾百合鱗片,"乾百合,乾百合花鱗片,乾蒜腦藷",蔬菜類,304,11.8,0.7,68.4
E0600101,芋莖,"芋拐,芋橫,芋葉梗",蔬菜類,20,1.1,0.5,3.4
E0700101,金針菜嫩莖,"碧玉筍,金針筍,金針菜梗,軟化金針菜,金針嫩菜芽,萱草菜嫩芽",蔬菜類,24,0.7,0.2,5.3
E0800101,草石蠶,"甘露兒,甘露菜,寶塔菜,地蠶,螺獅菜,土蛹(坊間誤稱為冬蟲夏草)",蔬菜類,75,1.7,0,18
E0900101,球莖甘藍,"大頭菜,結頭菜,芥頭,菜菜鵠,菜叩,莖藍,蕪菁蕓苔",蔬菜類,20,1.6,0.2,3.6
E1000101,孟宗竹筍,"毛竹,茅竹,茅茹竹,江南竹,貓竹,貓兒竹,楠竹,南竹,至竹,斑竹(冬筍)",蔬菜類,40,4,0.2,7.3
E1100101,熟桂竹筍,"桂竹仔筍,石竹仔筍,簍竹,筀竹筍",蔬菜類,21,2.1,0.2,3.5
E1200101,烏殼綠竹筍,"烏殼筍,烏殼綠,烏綠竹,烏腳綠竹筍,烏腳綠仔,四季竹,南洋竹,食用刺竹",蔬菜類,21,1.8,0.2,3.8
E1300101,茭白筍,"茭白,茭筍,茭草,水筍,腳白筍,加白筍,菰,菰菜,菰筍,菰蔣",蔬菜類,20,1.3,0.2,4
E1300201,玉米筍,"番麥筍,珍珠筍",蔬菜類,33,1.8,0.2,7
E1400101,麻竹筍,"蔴竹,甜竹,巨竹,坭竹,大綠竹,瓦坭竹,巨麻竹,美濃麻竹,吊絲麻竹",蔬菜類,22,1.4,0.1,4.4
E1400201,冷凍麻竹筍,"蔴竹,甜竹,巨竹,坭竹,大綠竹,瓦坭竹,巨麻竹,美濃麻竹,吊絲麻竹",蔬菜類,17,0.9,0,3.8
E1500101,綠竹筍,"甜竹,甜竹筍,綠仔筍,綠仔笋,綠竹笋",蔬菜類,25,1.7,0.2,4.7
E1500201,帶殼熟綠竹筍,"甜竹,甜竹筍,綠仔筍,綠仔笋,綠竹笋",蔬菜類,25,2,0.1,4.9
E1500301,沙拉筍塊,涼筍,蔬菜類,24,1.6,0.1,4.8
E1600101,熟箭竹筍,"箭筍,台灣箭竹,矢竹仔,玉山箭竹",蔬菜類,20,2.1,0.3,2.9
E1700101,白蘆筍,"野天門冬,松葉土當歸,石刁柏,龍鬚菜",蔬菜類,25,1.8,0.2,4.9
E17002,綠蘆筍平均值,"野天門冬,松葉土當歸,石刁柏,龍鬚菜",蔬菜類,22,2.7,0.2,3.5
E1700201,綠蘆筍,"野天門冬,松葉土當歸,石刁柏,龍鬚菜",蔬菜類,22,1.3,0.2,4.5
E1700202,澳洲綠蘆筍(粗短型),"野天門冬,松葉土當歸,石刁柏,龍鬚菜",蔬菜類,20,2.5,0.2,3.1
E1700203,綠蘆筍(細短型),"野天門冬,松葉土當歸,石刁柏,龍鬚菜",蔬菜類,23,3.3,0.2,3.2
E1700204,綠蘆筍(短型),"野天門冬,松葉土當歸,石刁柏,龍鬚菜",蔬菜類,22,3.5,0.1,3
E1700301,蘆筍花,,蔬菜類,21,2.9,0.3,2.7
E1800101,嫩莖萵苣,"鵝菜心,莖用萵苣,萵(鵝)仔菜心,大心萵(媚)仔菜,萵苣筍(莖),妹仔菜筍,",蔬菜類,16,1,0.2,3.1
E1900101,嫩薑,"薑仔,生薑,生姜,羌,蘘荷,茗荷,甘露子,紫薑",蔬菜類,21,0,0.3,4.8
E1900102,粉薑,"薑仔,生薑,生姜,羌,蘘荷,茗荷,甘露子,紫薑",蔬菜類,28,1,0.3,6.1
E1900103,老薑,"薑仔,生薑,生姜,羌,蘘荷,茗荷,甘露子,紫薑",蔬菜類,53,1.1,0.5,11.7
E2000101,檳榔嫩莖,"半天筍,檳榔樹心",蔬菜類,31,2.2,0.4,5.6
E2100101,大蒜,"蒜頭,大蒜頭,蒜球,蒜瓣,蒜仔頭",蔬菜類,122,6.7,0.2,26.4
E2100201,青蒜,"蒜仔,葫,胡蒜,洋蒜,韭蔥",蔬菜類,33,2.1,0.3,6.4
E2100301,蒜苗,蒜黃,蔬菜類,54,2.2,0.1,12
E23001,青蔥平均值,,蔬菜類,31,1.3,0.2,6.6
E2300101,青蔥(有機),"蔥,葉蔥,蔥仔",蔬菜類,31,1.1,0.2,6.8
E2300102,山東大蔥,"蔥,大蔥,葉蔥,蔥仔,水蔥,漢蔥",蔬菜類,31,1.3,0.1,6.7
E2300103,日本甜蔥,"蔥,大蔥,葉蔥,蔥仔,水蔥,漢蔥",蔬菜類,33,1,0.1,7.6
E2300104,宜蘭粉蔥,"蔥,葉蔥,蔥仔,水蔥,漢蔥",蔬菜類,27,1.6,0.2,5.4
E2400101,白洋蔥,"玉蔥,蔥頭,球蔥,胡蔥,日本蔥頭,大粒蔥頭,洋蔥頭,大蔥頭",蔬菜類,42,1,0.1,10
E2400201,紫洋蔥,"玉蔥,蔥頭,球蔥,胡蔥,日本蔥頭,大粒蔥頭,洋蔥頭,大蔥頭",蔬菜類,32,0.9,0.1,7.3
E2400301,黃洋蔥,"玉蔥,蔥頭,球蔥,胡蔥,日本蔥頭,大粒蔥頭,洋蔥頭,大蔥頭",蔬菜類,42,1,0.2,9.5
E2500101,紅蔥頭,"油蔥頭,珠蔥頭,分蔥頭,大頭蔥頭,四季蔥頭",蔬菜類,75,3.4,0.3,16.4
E2600101,韮菜花,"花韮菜,韮花,韭菜苔(韮/韭通用)",蔬菜類,28,1.8,0.2,5.6
E2600201,韮菜,"韮,塊莖蒜,起陽草(韮/韭通用)",蔬菜類,23,1.9,0.4,3.9
E2600301,韮黃,"韮黃,黃韮菜,白韮菜,軟化韮菜(韮/韭通用)",蔬菜類,16,1.5,0.1,2.9
E2700101,九層塔,"千層塔,羅勒,家佩蘭,零陵菜,香菜(草),薰草,西王母菜,塞香菜,光明子,醒頭香",蔬菜類,27,2.9,0.3,4.4
E2800101,小麥苗,,蔬菜類,34,3.3,0.5,5.5
E2900101,水菜(日本種),,蔬菜類,11,1.2,0.2,1.6
E30001,甘藍平均值,"高麗菜,包菜,洋白菜,玻璃菜,玉菜,捲心菜,球葉甘藍,結球甘藍,蕃芥藍",蔬菜類,23,1.3,0.1,4.8
E3000101,梨山甘藍(尖球形),"高麗菜,包菜,洋白菜,玻璃菜,玉菜,捲心菜,球葉甘藍,結球甘藍,蕃芥藍",蔬菜類,24,1.4,0.1,5.1
E3000102,甘藍(扁圓形),"高麗菜,包菜,洋白菜,玻璃菜,玉菜,捲心菜,球葉甘藍,結球甘藍,蕃芥藍",蔬菜類,21,1.1,0.2,4.3
E3000103,甘藍(圓球形),"高麗菜,包菜,洋白菜,玻璃菜,玉菜,捲心菜,球葉甘藍,結球甘藍,蕃芥藍",蔬菜類,24,1.4,0.2,4.9
E3000104,甘藍(圓球形)(2021年取樣),高麗菜,蔬菜類,20,0.8,0,4.6
E3000201,紫色甘藍,"紫甘藍,紫色高麗菜,紅色高麗菜,紅玻璃菜,紅玉菜",蔬菜類,28,1.5,0.2,5.9
E3000301,甘藍芽,高麗菜芽,蔬菜類,33,2.7,0.6,5.4
E3000401,冷凍甘藍,"高麗菜,包菜,洋白菜,玻璃菜,玉菜,捲心菜,球葉甘藍,結球甘藍,蕃芥藍",蔬菜類,20,1.3,0.1,4.2
E3000501,羽衣甘藍(有機),,蔬菜類,35,3,0.9,5.1
E3010101,脫水甘藍,,蔬菜類,341,6.9,0.1,82.6
E3100101,甘藷葉,"地瓜葉,番藷葉,過溝菜(藷同薯)",蔬菜類,28,3.2,0.3,4.4
E3200102,蚵仔白菜(2022年取樣),"白菜,青菜,散葉白菜,無心菜,菘,不結球白菜,尼龍白菜,皺(碎/曲)葉白菜,皺葉中蕓苔",蔬菜類,13,1.4,0.3,1.8
E3200201,荷葉白菜,"白菜,青菜,散葉白菜,無心菜,菘,不結球白菜",蔬菜類,14,1.4,0.1,2.5
E3200301,葵扇白菜,"白菜,青菜,散葉白菜,無心菜,菘,不結球白菜,江戶(門)白菜,黑葉白菜,扇子白菜,黑芥菜,排菜",蔬菜類,14,1.6,0.1,2.4
E3200401,黑葉白菜(短梗),"白菜,青菜,散葉白菜,無心菜,菘,不結球白菜",蔬菜類,15,1.3,0,2.9
E3200501,千寶菜,,蔬菜類,20,1.7,0.2,3.6
E3200601,小白菜(土植)(1月取樣),"土白菜,青菜,白菜,不結球白菜,水白菜",蔬菜類,10,1.2,0.2,1.5
E3200602,小白菜(土植)(3月取樣),"土白菜,青菜,白菜,不結球白菜,水白菜",蔬菜類,14,1.2,0.1,2.4
E3200603,小白菜(土植)(4月取樣),"土白菜,青菜,白菜,不結球白菜,水白菜",蔬菜類,13,1.1,0.2,2.2
E3200604,小白菜(土植)(7月取樣),"土白菜,青菜,白菜,不結球白菜,水白菜",蔬菜類,10,1,0.1,1.8
E3200605,小白菜(土植)(10月取樣),"土白菜,青菜,白菜,不結球白菜,水白菜",蔬菜類,11,1.1,0.2,1.7
E3200701,小白菜(水耕)(1月取樣),"土白菜,青菜,白菜,不結球白菜,水白菜",蔬菜類,13,1.5,0.1,2.1
E3200702,小白菜(水耕)(4月取樣),"土白菜,青菜,白菜,不結球白菜,水白菜",蔬菜類,13,1,0.2,2.4
E3200703,小白菜(水耕)(7月取樣),"土白菜,青菜,白菜,不結球白菜,水白菜",蔬菜類,12,0.9,0.1,2.4
E3200704,小白菜(水耕)(10月取樣),"土白菜,青菜,白菜,不結球白菜,水白菜",蔬菜類,12,1.1,0.3,1.8
E3200801,小白菜(有機)(1月取樣),"土白菜,青菜,白菜,不結球白菜,水白菜",蔬菜類,9,1.8,0.2,0.8
E3200802,小白菜(有機)(4月取樣),"土白菜,青菜,白菜,不結球白菜,水白菜",蔬菜類,14,1.3,0.2,2.4
E3200803,小白菜(有機)(7月取樣),"土白菜,青菜,白菜,不結球白菜,水白菜",蔬菜類,11,1.3,0.1,1.7
E3200804,小白菜(有機)(10月取樣),"土白菜,青菜,白菜,不結球白菜,水白菜",蔬菜類,13,1.3,0.2,1.9
E3200901,珍珠小白菜,珍珠白菜,蔬菜類,11,1.5,0.1,1.7
E3201001,油菜心,,蔬菜類,31,3.2,0.9,4
E3201101,油菜(有機),蕓苔,蔬菜類,13,1.3,0.1,2.2
E3201201,青江菜(土植)(1月取樣),"江門白菜, 湯匙菜,青梗白菜",蔬菜類,10,1.3,0,1.6
E3201202,青江菜(土植)(3月取樣),"江門白菜 ,湯匙菜,青梗白菜",蔬菜類,13,1.2,0.1,2.2
E3201203,青江菜(土植)(4月取樣),"江門白菜, 湯匙菜,青梗白菜",蔬菜類,11,1,0.1,1.8
E3201204,青江菜(土植)(7月取樣),"江門白菜,湯匙菜,青梗白菜",蔬菜類,15,1.5,0.1,2.5
E3201205,青江菜(土植)(10月取樣),"江門白菜, 湯匙菜,青梗白菜",蔬菜類,18,1.7,0.1,3.4
E3201301,青江菜(水耕)(1月取樣),"江門白菜 ,湯匙菜,青梗白菜",蔬菜類,12,1.2,0,2.4
E3201302,青江菜(水耕)(4月取樣),"江門白菜 , 湯匙菜,青梗白菜",蔬菜類,14,1.4,0.2,2.4
E3201303,青江菜(水耕)(7月取樣),"江門白菜 ,湯匙菜,青梗白菜",蔬菜類,14,1.7,0.1,2.2
E3201304,青江菜(水耕)(10月取樣),"江門白菜 ,湯匙菜,青梗白菜",蔬菜類,11,1.4,0.2,1.4
E3201401,青江菜(有機)(1月取樣),"江門白菜,湯匙菜,青梗白菜",蔬菜類,10,1.5,0,1.5
E3201402,青江菜(有機)(4月取樣),"江門白菜 ,湯匙菜,青梗白菜",蔬菜類,15,1.4,0.2,2.5
E3201403,青江菜(有機)(7月取樣),"江門白菜 ,湯匙菜,青梗白菜",蔬菜類,21,1.9,0.2,3.5
E3201404,青江菜(有機)(10月取樣),"江門白菜 , 湯匙菜,青梗白菜",蔬菜類,15,1.6,0.1,2.7
E3201501,塔菇菜(有機),塌棵菜；塔菜；瓢兒芥,蔬菜類,14,1.9,0,2.3
E3201601,廣島野菜,廣島菜,蔬菜類,16,1.7,0,2.9
E3201701,日本油菜(有機),"鶯菜,小松菜",蔬菜類,20,1.5,0.4,3.3
E33001,結球白菜平均值,"大白菜,黃芽菜,包心白菜,卷心白菜,山東白菜,結球白菜",蔬菜類,17,1.2,0.3,2.9
E3300101,煙台白菜,"大白菜,黃芽菜,包心白菜,卷心白菜,山東白菜,結球白菜(包頭蓮)",蔬菜類,14,1.3,0.3,2.2
E3300102,迷你竹筍白菜,"大白菜,黃芽菜,包心白菜,卷心白菜,山東白菜,結球白菜",蔬菜類,19,1.3,0.1,3.8
E3300103,翠玉白菜,"天津白菜,直筒白菜,長筒白菜,竹筒白菜",蔬菜類,19,1,0.7,2.8
E3300104,包心白菜,"大白菜,黃芽菜,包心白菜,卷心白菜,山東白菜,結球白菜",蔬菜類,14,1.2,0.1,2.6
E3300201,白菜芽,娃娃菜,蔬菜類,54,2.6,0.3,11.5
E3400101,白鳳菜,白蓊菜,蔬菜類,27,2,0.4,4.8
E3400201,紅鳳菜,"紅蓊菜,紅菜,紅葉,紫背天葵,雙色三七草,天青地紅,地黃菜,腳目草",蔬菜類,22,2.1,0.4,3.5
E3500101,豆瓣菜,"西洋菜,水芥(田/應/蕹)菜,無心芥(菜),廣東芥菜,微子蔊菜,風花菜,水生山葵菜,麥藍菜,角菜",蔬菜類,21,2.2,0.3,3.2
E3600101,明日葉,"鹹草,明日草,長壽草,八丈草,還陽草,珍立草,海峰人參,天賜草",蔬菜類,57,1.4,0.8,11.9
E3700101,山芹菜,"鴨兒芹,三葉芹,三葉山芹菜",蔬菜類,28,2.1,0.3,5.2
E37002,芹菜平均值,"旱芹,藥芹,洋芹,白芹,塘蒿,和蘭鴨兒芹",蔬菜類,15,0.8,0.1,3.1
E3700201,芹菜(青梗),"旱芹,藥芹,洋芹,白芹,塘蒿,和蘭鴨兒芹",蔬菜類,12,0.8,0.1,2.4
E3700202,芹菜,"旱芹,藥芹,洋芹,白芹,塘蒿,和蘭鴨兒芹",蔬菜類,18,0.8,0.2,3.8
E3700301,西洋芹菜,"美國芹菜,洋芹菜,金白芹菜,巨無霸芹菜",蔬菜類,11,0.4,0.2,2.2
E3800101,大心芥菜,"大心菜,菜心,大骨芥菜,大莖菜",蔬菜類,13,1,0,2.5
E3800201,大芥菜,"芥菜,大心芥菜,大葉芥菜,長年菜,孤腰菜",蔬菜類,19,0.8,0.5,3.4
E3800301,包心芥菜,"包心刈菜,捲心芥菜",蔬菜類,17,1,0.5,2.7
E38004,芥菜平均值,"刈菜,大菜,芥葉菜,雞冠菜,孤腰菜",蔬菜類,19,1.5,0.2,3.5
E3800401,芥菜,"刈菜,大菜,芥葉菜,雞冠菜,孤腰菜",蔬菜類,18,1.6,0.1,3.2
E3800402,雪裡蕻,"雪裡(裏)紅,雪菜,多葉藺蕓苔,千筋葉菜,春不老",蔬菜類,20,1.5,0.2,3.8
E3800501,抱子芥菜,娃娃菜,蔬菜類,21,2.1,0.1,3.8
E3900101,芥藍菜,"芥蘭菜,格藍菜,綠葉甘藍,佛光菜,隔暝仔菜",蔬菜類,20,1.7,0.3,3.2
E3900201,芥藍芽,"菜嬰,格藍菜嬰",蔬菜類,26,2.2,0.3,4.5
E4000101,芫荽,"香菜,香荽,胡荽,蒝荽,芫蓑,松鬚菜",蔬菜類,26,2.3,0.3,4.5
E4100101,紅梗珍珠菜,"角菜,香芹(甜)菜,山芹菜,甜菜,乳白艾,香甜菜,納艾香",蔬菜類,37,2.6,1,5.6
E4200101,食茱萸,"刺楤,紅刺楤,刺江某,越椒,艾子,茱萸,刺公牡",蔬菜類,127,11.9,0.3,23.8
E4300101,香樁,"椿,紅椿(樹),椿樹,杶,春芽(陽)樹,椿樗,櫄,虎目樹,大眼桐,栲,大紅椿樹",蔬菜類,99,4.3,1.5,19.4
E4400101,茴香,"蘹香,小茴香,茴香子,臭蒝荽,客人蒝荽,香絲菜,茴香八角珠,蒝荽",蔬菜類,24,2.2,0.2,4.1
E4500101,馬齒莧,"豬母乳(菜/草),寶釧菜,長命菜,荷蘭菜,馬尺莧,瓜子菜,五行(才)草,馬子菜,地馬菜,醬瓣頭草",蔬菜類,14,1.2,0.4,1.9
E4600101,茼蒿,"茼蒿菜,春菊,打某(妻)菜,苳蒿菜,花冠菊,艾菜,蓬蒿,菊蒿菜,菊花菜,實盡菜",蔬菜類,16,1.7,0.3,2.2
E4600201,日本茼蒿(有機),"春菊,山茼蒿,小葉茼蒿",蔬菜類,26,1.9,0.2,4.8
E4600301,昭和草,"山茼蒿,野茼蒿,太子原,飛機草,神仙草",蔬菜類,26,2.2,0.7,3.8
E4700101,隼人瓜苗,"隼人瓜鬚,佛手瓜苗(鬚),香櫞瓜苗(鬚),梨瓜苗(鬚),番瓜鬚(龍鬚菜是誤用)",蔬菜類,24,3.3,0.2,3.5
E4800101,白莧菜,"杏菜,荇菜,莕菜,茵菜,白杏菜,白荇菜",蔬菜類,17,1.9,0.3,2.6
E4800201,紅莧菜,"紅莧,虎菜,紅虎莧,赤莧,紅杏(荇)菜,赤杏菜,紫杏(莧)菜",蔬菜類,22,2.6,0.3,3.3
E4800301,野莧菜,"野莧(杏),綠莧,豬莧,鳥仔莧(杏),假莧(杏)菜,山荇(杏,莧)菜,",蔬菜類,41,6.3,0.6,4.9
E4900101,紫蘇,"蘇草,紅(赤/綠/青)紫蘇,桂荏",蔬菜類,71,5.5,1.2,11.9
E5000101,菠菜,"菠菱菜,赤根菜,飛龍菜,角菜,波斯草,波斯菜,波菱菜",蔬菜類,18,2.2,0.3,2.4
E5000201,菠菜(葉)(有機),"菠菱菜,赤根菜,飛龍菜,角菜,波斯草,波斯菜,波菱菜",蔬菜類,26,3.3,0.4,3.6
E5000301,冷凍菠菜,"菠菱菜,赤根菜,飛龍菜,角菜,波斯草,波斯菜,波菱菜",蔬菜類,17,2.1,0,2.9
E5100101,菾菜,"葉用甜菜,莙薘菜,牛皮菜,豬乸菜",蔬菜類,21,2,0.1,3.7
E5100201,黃金菾菜,"黃金火焰菜,君達菜,甜菜",蔬菜類,18,2.4,0.2,2.6
E5200101,落葵,"皇宮菜,蟳菜,胭(臙)脂菜,紅落葵,潺菜,蔠菜,藤葵,藤菜,天葵,御菜,牛皮凍",蔬菜類,33,2.7,0.3,6
E5200201,藤三七,"洋落葵,蔓安迪,落葵安迪,藤子三七,雲南白藥,小年藥,馬德拉藤,金錢珠,中枝蓮(習以川七誤稱)",蔬菜類,21,1.6,0.5,3.2
E53001,不結球萵苣平均值,"葉萵苣,葉萵,萵仔菜,刈葉萵苣,生菜,妹(媚)仔菜,鵝仔菜(草),春不老,印度萵苣",蔬菜類,16,1.1,0.3,2.8
E5300101,奶油萵苣(日本種),"葉萵苣,葉萵,萵仔菜,刈葉萵苣,生菜,妹(媚)仔菜,鵝仔菜(草),春不老,印度萵苣",蔬菜類,16,1.1,0.3,2.6
E5300102,紅葉萵苣(荷蘭種）,"彩葉萵苣,彩色媚仔菜,紅色萵苣菜,紅萵仔菜",蔬菜類,16,1.4,0.3,2.5
E5300103,廣東萵苣,"皺葉萵苣,縮葉萵苣,皺萵仔菜,皺妹菜",蔬菜類,20,1,0.2,4
E5300104,蘿美萵苣,"葉萵苣,葉萵,萵仔菜,刈葉萵苣,生菜,妹(媚)仔菜,鵝仔菜(草),春不老,印度萵苣(大陸妹)",蔬菜類,13,1,0.2,2.3
E5300201,本島萵苣(土植)(1月取樣),"葉萵苣,葉萵,萵仔菜,刈葉萵苣,生菜,妹(媚)仔菜,鵝仔菜(草),春不老,印度萵苣",蔬菜類,17,1.6,0.4,2.5
E5300202,本島萵苣(土植)(3月取樣),"葉萵苣,葉萵,萵仔菜,刈葉萵苣,生菜,妹(媚)仔菜,鵝仔菜(草),春不老,印度萵苣",蔬菜類,18,0.3,0.3,3.8
E5300203,本島萵苣(土植)(4月取樣),"葉萵苣,葉萵,萵仔菜,刈葉萵苣,生菜,妹(媚)仔菜,鵝仔菜(草),春不老,印度萵苣",蔬菜類,17,0.9,0.2,3.3
E5300204,本島萵苣(土植)(7月取樣),"葉萵苣,葉萵,萵仔菜,刈葉萵苣,生菜,妹(媚)仔菜,鵝仔菜(草),春不老,印度萵苣",蔬菜類,23,1.4,0.3,4.4
E5300205,本島萵苣(土植)(10月取樣),"葉萵苣,葉萵,萵仔菜,刈葉萵苣,生菜,妹(媚)仔菜,鵝仔菜(草),春不老,印度萵苣",蔬菜類,14,1.1,0.3,2.2
E5300301,本島萵苣(水耕)(1月取樣),"葉萵苣,葉萵,萵仔菜,刈葉萵苣,生菜,妹(媚)仔菜,鵝仔菜(草),春不老,印度萵苣",蔬菜類,14,1.6,0.2,2.1
E5300302,本島萵苣(水耕)(4月取樣),"葉萵苣,葉萵,萵仔菜,刈葉萵苣,生菜,妹(媚)仔菜,鵝仔菜(草),春不老,印度萵苣",蔬菜類,15,1,0.2,2.7
E5300303,本島萵苣(水耕)(7月取樣),"葉萵苣,葉萵,萵仔菜,刈葉萵苣,生菜,妹(媚)仔菜,鵝仔菜(草),春不老,印度萵苣",蔬菜類,13,1.4,0.2,1.9
E5300304,本島萵苣(水耕)(10月取樣),"葉萵苣,葉萵,萵仔菜,刈葉萵苣,生菜,妹(媚)仔菜,鵝仔菜(草),春不老,印度萵苣",蔬菜類,12,1.1,0.3,1.6
E5300401,本島萵苣(有機)(1月取樣),"葉萵苣,葉萵,萵仔菜,刈葉萵苣,生菜,妹(媚)仔菜,鵝仔菜(草),春不老,印度萵苣",蔬菜類,15,1.8,0,2.6
E5300402,本島萵苣(有機)(4月取樣),"葉萵苣,葉萵,萵仔菜,刈葉萵苣,生菜,妹(媚)仔菜,鵝仔菜(草),春不老,印度萵苣",蔬菜類,19,1.1,0.3,3.5
E5300403,本島萵苣(有機)(7月取樣),"葉萵苣,葉萵,萵仔菜,刈葉萵苣,生菜,妹(媚)仔菜,鵝仔菜(草),春不老,印度萵苣",蔬菜類,17,1.5,0.3,2.7
E5300404,本島萵苣(有機)(10月取樣),"葉萵苣,葉萵,萵仔菜,刈葉萵苣,生菜,妹(媚)仔菜,鵝仔菜(草),春不老,印度萵苣",蔬菜類,15,1.3,0.3,2.3
E5300501,水耕波士頓萵苣,,蔬菜類,14,1.3,0.7,1.2
E5300601,結球萵苣,"球萵苣,包心萵苣,捲心萵苣,生菜,包心媚仔菜,結球妹仔菜",蔬菜類,13,0.7,0.1,2.8
E5400101,豌豆苗,"豆苗,豆鬚,荷蘭豆苗(鬚),飛龍豆苗",蔬菜類,31,3.7,0.5,4.4
E5500101,龍葵,"黑甜菜,烏甜(田)菜,烏甜仔,烏子(克)菜,烏子茄,苦葵(菜),天茄子,天泡草,老鴉酸漿草",蔬菜類,26,3.8,0.3,3.4
E5600101,蕹菜(土植)(1月取樣),"空心菜,應菜,壅菜,甕菜,草菜,無心菜,藤藤菜,竹葉菜,葛菜",蔬菜類,22,2,0.3,3.5
E5600102,蕹菜(土植)(4月取樣),"空心菜,應菜,壅菜,甕菜,草菜,無心菜,藤藤菜,竹葉菜,葛菜",蔬菜類,20,1.7,0.2,3.5
E5600103,蕹菜(土植)(7月取樣),"空心菜,應菜,壅菜,甕菜,草菜,無心菜,藤藤菜,竹葉菜,葛菜",蔬菜類,17,1.9,0.1,2.8
E5600104,蕹菜(土植)(10月取樣),"空心菜,應菜,壅菜,甕菜,草菜,無心菜,藤藤菜,竹葉菜,葛菜",蔬菜類,17,1.8,0.3,2.6
E5600201,蕹菜(水耕)(1月取樣),"空心菜,應菜,壅菜,甕菜,草菜,無心菜,藤藤菜,竹葉菜,葛菜",蔬菜類,27,2.7,0.3,4.5
E5600202,蕹菜(水耕)(4月取樣),"空心菜,應菜,壅菜,甕菜,草菜,無心菜,藤藤菜,竹葉菜,葛菜",蔬菜類,24,2.2,0.1,4.3
E5600203,蕹菜(水耕)(7月取樣),"空心菜,應菜,壅菜,甕菜,草菜,無心菜,藤藤菜,竹葉菜,葛菜",蔬菜類,17,1.9,0.2,2.7
E5600204,蕹菜(水耕)(10月取樣),"空心菜,應菜,壅菜,甕菜,草菜,無心菜,藤藤菜,竹葉菜,葛菜",蔬菜類,23,2.2,0.3,3.8
E5600301,蕹菜(有機)(4月取樣),"空心菜,應菜,壅菜,甕菜,草菜,無心菜,藤藤菜,竹葉菜,葛菜",蔬菜類,26,1.9,0.3,4.7
E5600302,蕹菜(有機)(10月取樣),"空心菜,應菜,壅菜,甕菜,草菜,無心菜,藤藤菜,竹葉菜,葛菜",蔬菜類,19,1.7,0.4,3
E5600401,水蕹菜,,蔬菜類,24,2.6,0.5,3.3
E5700101,蘿蔔葉,葉蘿蔔,蔬菜類,14,1.7,0.2,2
E5800101,花椰菜,"花菜,菜花,白花菜,白菜花",蔬菜類,23,1.8,0.1,4.5
E5800201,冷凍花椰菜,"花菜,菜花,白花菜,白菜花",蔬菜類,21,1.3,0.1,4.5
E5800301,紫色花椰菜,,蔬菜類,40,3.1,0.3,7.6
E5800401,青花菜(1999年取樣),"(青花菜非綠色花椰菜)青(綠)花菜,美國花菜,青花苔,花(青)菜苔,菜苔,花菜苞",蔬菜類,28,3.7,0.2,4.4
E5800402,青花菜(2021年取樣),"(青花菜非綠色花椰菜)青(綠)花菜,美國花菜,青花苔,花(青)菜苔,菜苔,花菜苞",蔬菜類,38,3.4,0.4,6.5
E5800501,冷凍青花菜,"(青花菜非綠色花椰菜)青(綠)花菜,美國花菜,青花苔,花(青)菜苔,菜苔,花菜苞",蔬菜類,25,2.5,0.2,4.4
E5800601,青花菜筍,,蔬菜類,32,3,0.5,5.1
E5810101,花椰菜乾,,蔬菜類,291,16,0.6,62.5
E5900101,金針菜,"萱草,金針花,金針,黃花(菜),萱花",蔬菜類,40,2.4,0.5,7.4
E5910101,金針菜乾,"萱草,金針花,金針,黃花(菜),萱花",蔬菜類,307,14.3,1.8,65.4
E6010101,洛神花乾,"玫瑰茄,洛神葵,洛神果,洛濟葵",蔬菜類,306,9,0.6,71.2
E6100101,絲瓜花,菜瓜花,蔬菜類,31,3.9,0.3,4.8
E62001,冬瓜平均值,"白瓜,東瓜,枕瓜,水芝,地芝",蔬菜類,11,0.4,0.1,2.4
E6200101,冬瓜,"白瓜,東瓜,枕瓜,水芝,地芝",蔬菜類,13,0.4,0.1,2.7
E6200102,香芋冬瓜,"白瓜,東瓜,枕瓜,水芝,地芝",蔬菜類,9,0.4,0,2
E6200103,冬瓜(2022年取樣),"白瓜,東瓜,枕瓜,水芝,地芝",蔬菜類,21,0.4,0,5.1
E63001,南瓜平均值,"金瓜,飯瓜,番(翻)瓜,倭(窩)瓜,紅(冬/西洋)南瓜,南瓜,北瓜,玉瓜,筍瓜",蔬菜類,74,1.9,0.2,17.3
E6300101,日本南瓜,"金瓜,飯瓜,番(翻)瓜,倭(窩)瓜,紅(冬/西洋)南瓜,南瓜,北瓜,玉瓜,筍瓜",蔬菜類,86,0.6,0.4,20.8
E6300102,台灣南瓜,"金瓜,飯瓜,番(翻)瓜,倭(窩)瓜,紅(冬/西洋)南瓜,南瓜,北瓜,玉瓜,筍瓜",蔬菜類,49,1.7,0.2,11.1
E6300103,栗子南瓜,"金瓜,飯瓜,番(翻)瓜,倭(窩)瓜,紅(冬/西洋)南瓜,南瓜,北瓜,玉瓜,筍瓜",蔬菜類,86,1.4,0.2,20.7
E6300104,菊花南瓜,"金瓜,飯瓜,番(翻)瓜,倭(窩)瓜,紅(冬/西洋)南瓜,南瓜,北瓜,玉瓜,筍瓜",蔬菜類,76,3.8,0.1,16.8
E6400101,胡瓜,"大黃瓜,刺瓜,黃瓜,生瓜,王瓜,花瓜,黑瓜,大瓜",蔬菜類,14,0.7,0.1,2.9
E6400201,花胡瓜(有機),"小黃瓜,花瓜,小胡瓜,小刺瓜",蔬菜類,15,0.8,0.1,3.1
E6500101,苦瓜(白皮),"錦荔枝,癩蒲萄,涼瓜,癩瓜,紅姑娘",蔬菜類,19,0.9,0.1,4.1
E6500201,苦瓜(青皮),"錦荔枝,癩蒲萄,涼瓜,癩瓜,紅姑娘",蔬菜類,20,0.9,0.1,4.2
E6500301,珍珠苦瓜,"錦荔枝,癩蒲萄,涼瓜,癩瓜,紅姑娘(青苦瓜)",蔬菜類,19,0.7,0.1,4.2
E6500401,野苦瓜,"山苦瓜,青小苦瓜,小苦瓜,野生苦瓜,短苦瓜,野癩瓜",蔬菜類,30,1.7,0.6,5.3
E6600101,隼人瓜,"梨瓜,壽瓜,合掌瓜,安南瓜,香瓜仔,拳頭瓜,佛掌瓜、香圓瓜,香櫞瓜,佛手瓜,瓦瓜",蔬菜類,23,0.7,0.1,5.2
E6600102,隼人瓜(2023年取樣),"梨瓜,壽瓜,合掌瓜,安南瓜,香瓜仔,拳頭瓜,佛掌瓜、香圓瓜,香櫞瓜,佛手瓜,瓦瓜",蔬菜類,22,0.7,0.2,4.5
E6700101,白皮蛇瓜,"蛇王瓜,毛烏瓜",蔬菜類,19,1.4,0.3,3.2
E6700201,綠皮蛇瓜,"蛇王瓜,毛烏瓜",蔬菜類,32,1.9,0.6,5.6
E6800101,絲瓜,"菜瓜,布瓜,蠻瓜,天絲瓜,水瓜,天羅,天絡,仙人拐,魚鰦",蔬菜類,19,1.1,0.1,3.9
E6800201,稜角絲瓜,"澎湖絲瓜,十角絲瓜,十捻菜瓜,角瓜,廣東絲瓜,雨傘絲瓜,金門絲瓜,香港絲瓜",蔬菜類,20,0.9,0.2,4.1
E6900101,越瓜,"醃瓜,菴瓜,梢瓜,酥瓜,甜瓜,羊角瓜,稍瓜,生瓜,白瓜,青瓜,百香胡瓜",蔬菜類,18,0.6,0.1,4.1
E70001,蒲瓜平均值,"扁蒲,蒲仔,瓠子(瓜/餔),匏仔(瓜),葫蘆瓜,瓢簞,天瓜,龍蛋瓜,蒲(葫/壺)蘆",蔬菜類,18,0.5,0.1,4
E7000101,蒲瓜(長形),"扁蒲,蒲仔,瓠瓜,匏瓜,葫蘆瓜,瓢簞,天瓜,龍蛋瓜,蒲(葫/壺)蘆",蔬菜類,19,0.5,0.1,4.2
E7000102,蒲瓜(圓形),"扁蒲,蒲仔,瓠瓜,匏瓜,葫蘆瓜,瓢簞,天瓜,龍蛋瓜,蒲(葫/壺)蘆",蔬菜類,18,0.6,0.1,4
E7000201,花蒲瓜(圓形),"扁蒲,蒲仔,瓠瓜,匏瓜,葫蘆瓜,瓢簞,天瓜,龍蛋瓜,蒲(葫/壺)蘆",蔬菜類,15,0.3,0,3.5
E7000301,葫蘆瓜,"扁蒲,蒲仔,瓠瓜,匏瓜,葫蘆瓜,瓢簞,天瓜,龍蛋瓜,蒲(葫/壺)蘆",蔬菜類,20,0.5,0.3,4.1
E7100101,黃櫛瓜,,蔬菜類,15,1.5,0.1,2.7
E7100201,綠櫛瓜,,蔬菜類,13,2.2,0,1.8
E7210101,枸杞乾,"枸杞,地骨子,甘杞,杞子,枸忌,苦杞,血杞,天精子",蔬菜類,347,12.3,1.3,77.8
E7300101,長茄子,"茄,茄仔,紅皮菜,紅茄(菜),紅茄仔,落蘇,崑崙瓜,紫瓜,酪酥,小蓏,長茄",蔬菜類,25,1.2,0.2,5.3
E7300201,圓茄子,"日本茄子,迷你茄",蔬菜類,21,1,0,4.5
E74001,大番茄平均值(紅色系),"柑仔蜜,甘仔(阿)蜜,草柿,臭柿仔,西紅柿,小金瓜,番柿,六月柿,洋柿(茄)子,紅茄,毛臘果",蔬菜類,19,0.8,0.1,4.1
E7400101,牛番茄,"柑(甘)仔蜜,草(番,西紅,六月)柿,臭柿仔,小金瓜,洋柿(茄)子,紅茄,毛臘果",蔬菜類,19,0.7,0.1,4
E7400102,紅番茄,"柑(甘)仔蜜,草(番,西紅,六月)柿,臭柿仔,小金瓜,洋柿(茄)子,紅茄,毛臘果",蔬菜類,20,0.9,0,4.4
E7400103,桃太郎番茄,"柑(甘)仔蜜,草(番,西紅,六月)柿,臭柿仔,小金瓜,洋柿(茄)子,紅茄,毛臘果",蔬菜類,17,0.7,0,4
E7400201,黃番茄,"柑(甘)仔蜜,草(番,西紅,六月)柿,臭柿仔,小金瓜,洋柿(茄)子,紅茄,毛臘果",蔬菜類,23,0.9,0,5.3
E74003,大番茄平均值(綠色系),"柑仔蜜,甘仔(阿)蜜,草柿,臭柿仔,西紅柿,小金瓜,番柿,六月柿,洋柿(茄)子,紅茄,毛臘果",蔬菜類,22,0.7,0.1,5
E7400301,粉柿番茄,"柑(甘)仔蜜,草(番,西紅,六月)柿,臭柿仔,小金瓜,洋柿(茄)子,紅茄,毛臘果(粉柿仔)",蔬菜類,18,0.8,0,4
E7400302,黑柿番茄,"柑(甘)仔蜜,草(番,西紅,六月)柿,臭柿仔,小金瓜,洋柿(茄)子,紅茄,毛臘果",蔬菜類,23,0.4,0.1,5.6
E7400303,綠番茄,"柑(甘)仔蜜,草(番,西紅,六月)柿,臭柿仔,小金瓜,洋柿(茄)子,紅茄,毛臘果",蔬菜類,25,0.9,0.1,5.4
E74004,小番茄平均值(紅色系),"柑仔蜜,甘仔(阿)蜜,草柿,臭柿仔,西紅柿,小金瓜,番柿,六月柿,洋柿(茄)子,紅茄,毛臘果",蔬菜類,33,0.9,0.2,7.4
E7400401,聖女小番茄,"柑(甘)仔蜜,草(番,西紅,六月)柿,臭柿仔,小金瓜,洋柿(茄)子,紅茄,毛臘果",蔬菜類,34,1.1,0.5,6.9
E7400402,試交二號小番茄,"柑(甘)仔蜜,草(番,西紅,六月)柿,臭柿仔,小金瓜,洋柿(茄)子,紅茄,毛臘果",蔬菜類,30,0.7,0,7.2
E7400403,櫻桃小番茄,"柑(甘)仔蜜,草(番,西紅,六月)柿,臭柿仔,小金瓜,洋柿(茄)子,紅茄,毛臘果",蔬菜類,34,0.9,0.1,8.1
E7400501,黃金小蕃茄,"柑(甘)仔蜜,草(番,西紅,六月)柿,臭柿仔,小金瓜,洋柿(茄)子,紅茄,毛臘果",蔬菜類,31,0.8,0.2,6.8
E74006,小番茄平均值(橙色系),"柑(甘)仔蜜,草(番,西紅,六月)柿,臭柿仔,小金瓜,洋柿(茄)子,紅茄,毛臘果",蔬菜類,31,1.1,0.2,6.9
E7400601,金女小番茄,"柑(甘)仔蜜,草(番,西紅,六月)柿,臭柿仔,小金瓜,洋柿(茄)子,紅茄,毛臘果",蔬菜類,30,1.1,0.1,6.6
E7400602,黃金聖女小番茄,"柑(甘)仔蜜,草(番,西紅,六月)柿,臭柿仔,小金瓜,洋柿(茄)子,紅茄,毛臘果",蔬菜類,31,1,0.1,7
E7400603,橙蕃茄,"柑(甘)仔蜜,草(番,西紅,六月)柿,臭柿仔,小金瓜,洋柿(茄)子,紅茄,毛臘果",蔬菜類,32,1.2,0.2,7
E7400701,香瓜茄,"香瓜梨,南美香瓜梨",蔬菜類,26,0.4,0.1,6.2
E75001,甜椒平均值(青皮),"青椒,(甜)番椒,青辣椒,大同仔,番羌仔,燈籠椒,生番薑,獅子椒,甘椒,生椒",蔬菜類,29,1,0.4,5.9
E7500101,甜椒(青皮),"甜椒,甜番椒,大同仔,番羌仔,燈籠椒,生番薑,獅子椒,甘椒,生椒(青椒,青辣椒)",蔬菜類,23,0.8,0.3,4.9
E7500102,小甜椒(青皮),"甜椒,甜番椒,大同仔,番羌仔,燈籠椒,生番薑,獅子椒,甘椒,生椒(青椒,青辣椒)",蔬菜類,35,1.4,0.5,6.8
E7500103,高山甜椒(青皮),"甜椒,甜番椒,大同仔,番羌仔,燈籠椒,生番薑,獅子椒,甘椒,生椒(青椒,青辣椒)",蔬菜類,30,0.9,0.6,6
E7500201,甜椒(紅皮),"甜椒,甜番椒,大同仔,番羌仔,燈籠椒,生番薑,獅子椒,甘椒,生椒(紅椒,紅番(辣)椒,紅色大唐)",蔬菜類,33,0.8,0.5,7.1
E7500301,甜椒(黃皮),"甜椒,甜番椒,大同仔,番羌仔,燈籠椒,生番薑,獅子椒,甘椒,生椒",蔬菜類,28,0.8,0.3,6
E7500401,甜椒(橙皮),"甜椒,甜番椒,大同仔,番羌仔,燈籠椒,生番薑,獅子椒,甘椒,生椒",蔬菜類,35,0.9,0.3,7.7
E75005,青辣椒平均值,"辣椒,番椒,番仔薑,臘椒(牛角辣椒,羊角辣椒,長辣(番)椒,青辣椒)",蔬菜類,33,1.3,0.3,6.9
E7500501,角椒,"辣椒,番椒,番仔薑,臘椒",蔬菜類,22,0.9,0.2,4.7
E7500502,長辣椒(青皮),"辣椒,番椒,番仔薑,臘椒",蔬菜類,49,1.9,0.4,10.3
E7500503,糯米椒,"辣椒,番椒,番仔薑,臘椒(伏見甘長辣椒)",蔬菜類,28,1.2,0.3,5.6
E75006,紅辣椒平均值,"辣椒,番椒,番仔薑,牛角辣椒,羊角辣椒,長辣(番)椒,紅辣椒,臘椒",蔬菜類,80,3.6,0.9,16.4
E7500601,長辣椒(紅皮),"辣椒,番椒,番仔薑,臘椒",蔬菜類,48,2.4,0.7,9.3
E7500602,朝天椒(長果),"辣椒,番椒,番仔薑,臘椒,指(向)天椒,赤穗生番椒,叢果番椒,海椒",蔬菜類,90,3.4,1.3,17.9
E7500603,朝天椒(圓果),"辣椒,番椒,番仔薑,臘椒,指(向)天椒,赤穗生番椒,叢果番椒,海椒(雞心椒)",蔬菜類,103,4.9,0.5,21.9
E7510101,乾長辣椒(紅皮),"辣椒,番椒,番仔薑,臘椒",蔬菜類,382,19.9,17.2,47.6
E7600101,黃秋葵,"秋葵,羊角豆,黃蜀葵,食香槿,假三念,黃葵",蔬菜類,36,2.1,0.1,7.5
E7700101,青花菜芽,"青花椰苗,青花菜苗,花菜苔芽",蔬菜類,35,2.8,1,4.9
E7700201,苜蓿芽,苜蓿嬰,蔬菜類,20,3.2,0.2,2.5
E7700301,紫甘藍芽,,蔬菜類,32,0.2,0.7,6.6
E7700401,黃豆芽,大豆芽,蔬菜類,47,5.3,1.6,5
E7700402,"黃豆芽(有機,2023年取樣)",大豆芽,蔬菜類,41,5.1,1,5
E7700501,黑豆芽,,蔬菜類,52,6.6,1.1,6.4
E7700601,葵花芽,,蔬菜類,26,2.5,0.4,4.3
E7700701,綠豆芽,"豆芽菜,豆菜,綠豆菜",蔬菜類,24,2.3,0.2,4.1
E7700801,豌豆芽,"豌豆嬰,荷蘭豆芽(嬰)",蔬菜類,25,4,0.4,2.9
E7700901,蕎麥芽,"烏麥芽,花蕎芽,荍麥芽",蔬菜類,20,1.9,0.2,3.4
E7701001,蘿蔔芽,"蘿蔔嬰,菜頭嬰(苗/芽),菜頭苗,貝芽菜",蔬菜類,24,2.1,0.4,3.9
E8700101,山蘇菜,"山蘇花,鳥巢蕨,山翅菜,雀(鳥)巢羊齒,歪頭 菜,巢鐵角蕨,掌草",蔬菜類,26,3,0.2,4.4
E8800101,火炭母草,"川七,清飯藤,冷飯藤,雞糞(屎)藤,烏炭子",蔬菜類,12,1.6,0.4,1.2
E8900101,石蓮花,蓮座草,蔬菜類,11,0.4,0.1,2.2
E9000101,青葙,"野雞冠,雞冠莧,筆雞冠,草決明",蔬菜類,50,2.5,1.6,7.7
E9100101,假人蔘,"土人參,參仔葉(草),土高麗參,臺灣(野)參,櫨蘭,東洋參,參草",蔬菜類,32,1.6,2.2,2.2
E9200101,野苦瓜嫩梢,,蔬菜類,77,5.7,1.7,12.2
E9300101,過溝菜蕨,"過貓(溝),過貓(溝)菜,蕨山貓,食用雙囊蕨",蔬菜類,27,3.1,0.8,3.2
E9400101,蔘鬚,,蔬菜類,330,7,1.8,76.2
E9500101,龍骨瓣莕菜,"水蓮菜,野蓮,銀蓮花,水皮蓮,刺種莕菜,捲瓣莕菜",蔬菜類,17,1.1,0.3,3.1
E9600101,薄荷,"仁丹草,升陽藥,南薄荷,夜息花,野薄荷,新卜荷",蔬菜類,55,3.1,0.6,10.9
E9700101,蕺菜,"魚腥草,臭腥草,臭臊草,臭瘥草,手藥",蔬菜類,46,3.2,0.9,7.7
E9800101,蘆薈,盧會,蔬菜類,4,0.1,0.4,0.2
E9900101,皇宮菜,,蔬菜類,22,2.2,0.3,3.5
E9900201,香芫荽,,蔬菜類,23,2.4,0.2,3.9
E9900301,荷蘭豆菜心,,蔬菜類,30,3.9,0.6,3.9
E9900401,厥子,,蔬菜類,23,2.3,0.2,3.9
E9900501,義大利茼蒿,,蔬菜類,15,1.6,0.4,1.9
E9900601,龍延草,,蔬菜類,79,3.9,2.3,12.7
E9900701,麵包果,"釋迦果,馬檳榔",蔬菜類,61,1,1.8,11.2
E9900801,冰花,"冰菜,水晶冰花,冰葉日中花",蔬菜類,7,0.8,0.1,1
F0110101,紅毛苔,"海發菜,海髮菜,頭髮菜,紅毛菜",藻類,265,39.9,1.9,36.9
F0210101,紫菜,海苔,藻類,268,28.1,0.9,47.9
F0210102,熟紫菜,海苔,藻類,294,18.1,0.4,62.4
F0310101,髮菜,"頭髮菜,紅毛菜,發菜",藻類,302,10.3,0.5,69.5
F0400101,麒麟菜,"麒麟草,海麒麟草,海珊湖,珊湖藻(草),鹹(鹽/神/福)草",藻類,41,1,0,9.9
F0410101,乾麒麟菜,"乾麒麟草,乾海麒麟草,乾海珊湖,乾珊湖藻(草),乾鹹(鹽/神/福)草",藻類,189,1.2,0.5,46.7
F0500101,礁膜,海菜(澎湖人稱),藻類,16,0.3,0.1,3.7
F0610101,乾海茸芯,"海海洋竹笙,乾素蹄筋",藻類,254,8.4,0.2,59.1
F07001,海帶平均值,"江白菜,昆布,海昆布",藻類,19,0.7,0.1,4.2
F0700101,海帶卷,"江白菜卷,昆布卷,海昆布卷",藻類,14,0.7,0.2,2.8
F0700102,海帶茸,"江白菜茸,昆布茸,海昆布茸",藻類,29,1.1,0,6.5
F0700103,海帶梗,海帶根,藻類,14,0.4,0,3.2
F0700104,海帶結,"江白菜結,昆布結,海昆布結",藻類,17,0.8,0.1,3.6
F0700105,海帶絲,"江白菜絲,昆布絲,海昆布絲",藻類,22,0.7,0.1,5
F0710101,乾海帶,"乾江白菜,乾昆布,乾海昆布",藻類,220,10,1.1,47.3
F0800101,裙帶菜,"海帶芽,嫩海帶",藻類,58,5,0,11.6
F0810101,乾裙帶菜,"乾海帶芽,乾嫩海帶",藻類,225,22.9,0.7,40.8
F0810201,乾裙帶菜根,"乾海帶芽根,乾嫩海帶根",藻類,201,6.2,0.6,46.1
F0910101,鳳尾藻,紫晶藻,藻類,213,11.7,1.3,43.9
F1000101,葛仙米藻,"雨來菇,地木耳,地軟兒,地皮菜,草皮菇,情人的眼淚",藻類,24,1.3,0,5.2
F9900201,壽司海苔片,,藻類,278,46.5,3.7,32.1
G0100101,木耳,"黑木耳,桑耳,白背毛木耳,木樟(檽/菌/茸/蛾/樅),樹雞(毛木耳)",菇類,38,0.9,0.1,8.8
G0100201,冷凍木耳,"黑木耳,桑耳,白背毛木耳,木樟(檽/菌/茸/蛾/樅),樹雞(毛木耳)",菇類,51,0.9,0.1,12.4
G01101,乾木耳平均值,"黑木耳,桑耳,白背毛木耳,木樟(檽/菌/茸/蛾/樅),樹雞(毛木耳)",菇類,333,13.8,0.7,74.7
G0110101,乾木耳(紅耳仔),"黑木耳,桑耳,白背毛木耳,木樟(檽/菌/茸/蛾/樅),樹雞(毛木耳)",菇類,329,6.1,0.2,79.8
G0110102,乾木耳(黑耳仔),"黑木耳,桑耳,白背毛木耳,木樟(檽/菌/茸/蛾/樅),樹雞(毛木耳)",菇類,338,21.4,1.2,69.6
G0110201,乾川耳,,菇類,336,9,0.3,79.4
G0200101,銀耳,"白木耳,雪耳",菇類,31,1.1,0,7.2
G0200201,白毛木耳,"毛木耳(白化),雪珍耳",菇類,45,1.2,0.1,10.6
G0210101,乾銀耳,"白木耳,雪耳",菇類,310,9.3,1.2,70.8
G0300101,草菇,"蘭花菇,美味草菇,包腳菇,中國蘑菇,稈(麻/貢)菇,南華菇,家生菇(小包腳菇)",菇類,36,3.8,0.3,5.9
G0400101,雞腿菇,"雞腿(蘑)菇,雞髀菇,墨水菇,一夜菇(毛頭鬼傘)",菇類,36,2.1,0.1,7.5
G0410101,雞腿菇(乾),"雞腿(蘑)菇,雞髀菇,墨水菇,一夜菇(毛頭鬼傘)",菇類,298,20.1,1.4,59.8
G0500101,松茸,"台灣松茸,松口蘑,大花菌,松蕈,剝皮菌(台灣松口蘑)",菇類,36,3.1,0.5,5.9
G0600101,雪白菇(長),"美白菇,白精靈菇",菇類,36,2.1,0.4,6.9
G0700101,柳松菇,"柳松茸,茶樹菇,楊樹菇,田頭菇(柱狀田頭菇)",菇類,36,3.7,0.3,6
G0710101,乾柳松菇,"柳松茸,茶樹菇,楊樹菇,田頭菇(柱狀田頭菇)",菇類,286,23.5,1.9,53.5
G08001,香菇平均值,"冬(北/花/厚/毛)菇,椎茸,香蕈(信/椹),合蕈",菇類,39,3,0.1,7.6
G0800101,香菇(大),"冬(北/花/厚/毛)菇,椎茸,香蕈(信/椹),合蕈",菇類,37,3,0.2,7.1
G0800102,香菇(小),"冬(北/花/厚/毛)菇,椎茸,香蕈(信/椹),合蕈",菇類,26,2.4,0.1,4.9
G0800103,花菇,"冬(北/花/厚/毛)菇,椎茸,香蕈(信/椹),合蕈",菇類,52,3.6,0.1,10.7
G08101,乾香菇平均值,"冬(北/花/厚/毛)菇,椎茸,香蕈(信/椹),合蕈",菇類,321,20.9,1.6,64.9
G0810101,乾香菇,"冬(北/花/厚/毛)菇,椎茸,香蕈(信/椹),合蕈",菇類,333,23.3,1.4,66.6
G0810102,乾花菇,"冬(北/花/厚/毛)菇,椎茸,香蕈(信/椹),合蕈",菇類,317,17,1.1,67.4
G0810103,乾白花菇,"冬(北/花/厚/毛)菇,椎茸,香蕈(信/椹),合蕈",菇類,310,18.7,1.1,64.5
G0810104,乾鈕釦菇,"冬(北/花/厚/毛)菇,椎茸,香蕈(信/椹),合蕈",菇類,325,24.6,2.7,60.9
G1000101,姬松茸,"姬松菇,巴西蘑菇,柏氏蘑菇,小松菇",菇類,40,4,0.4,6.9
G1010101,乾姬松茸,"姬松菇,巴西蘑菇,柏氏蘑菇,小松菇",菇類,294,34,2.7,46.7
G1100101,酒杯菇,"大杯傘,大杯菇,葉松茸,豬肚菇",菇類,50,4.6,0.3,9
G1200101,秀珍菇,"平菇,小平菇,側耳平菇,蠔菇,袖珍(鮑魚)菇(側耳)",菇類,28,3.3,0.1,4.6
G1200201,天喜菇,,菇類,26,4.5,0.5,2.5
G1200301,白蠔菇,,菇類,33,2.2,0.3,6.4
G1200401,玫瑰菇,"紅側耳,桃紅平菇,紅平菇,粉紅菇",菇類,35,4.5,0.1,5.6
G1300101,杏香菇,"香微蘑,雪茸,帝王菇,平菇王",菇類,26,2.7,0.1,4.6
G13002,杏鮑菇平均值,"鳳尾菇,雪茸,帝王菇,平菇王,蠔菇王,干貝菇,刺芹側耳,義大利側耳,義大利蠔菌,杏鮑茸,西洋刺耳",菇類,41,2.7,0.2,8.3
G1300201,杏鮑菇(大),"鳳尾菇,雪茸,帝王菇,平菇王,蠔菇王,干貝菇,刺芹側耳,義大利側耳,義大利蠔菌,杏鮑茸,西洋刺耳",菇類,37,2.4,0.1,7.5
G1300202,杏鮑菇(中),"鳳尾菇,雪茸,帝王菇,平菇王,蠔菇王,干貝菇,刺芹側耳,義大利側耳,義大利蠔菌,杏鮑茸,西洋刺耳",菇類,40,2.5,0.2,8.2
G1300203,杏鮑菇(小),"鳳尾菇,雪茸,帝王菇,平菇王,蠔菇王,干貝菇,刺芹側耳,義大利側耳,義大利蠔菌,杏鮑茸,西洋刺耳",菇類,47,3.2,0.3,9.2
G1400301,珊瑚菇,"金頂鮑魚菇,金頂蘑,榆黃蘑,榆(黃)蘑,黃金菇,玉皇(米)菇,粗口黃,楊柳菌,黃樹窩(金頂側耳)",菇類,33,4,0.2,5.2
G1500101,蠔菇,"平菇,日本蠔菇,糙皮側耳,黑牡丹菇,黑美人菇,人工口蘑(囊狀側耳)",菇類,26,2.1,0.3,4.8
G1500201,鮑魚菇,"夏季鮑魚菇,高溫平菇,台灣平菇,黑美人菇,人工口蘑(囊狀側耳)",菇類,22,1.7,0.2,4
G1600101,金針菇,"金(冬/榎/朴)菇,金絲菇,金菇菜,秋葷,樸蕈構菌,毛柄金線菇,菌子(絨柄金錢菇)",菇類,37,2.6,0.3,7.2
G1600201,華翠菇,"滿天星菇,黃色金針菇(絨柄金錢菇)",菇類,29,2.5,0.2,5.1
G1700101,滑菇,"珍珠菇,滑子,滑子蘑,光蓋鱗傘,光帽黃傘(滑鱗傘)",菇類,27,2.6,0.2,4.7
G1800101,舞菇,"舞茸,灰樹花,葉多孔菌,栗子蘑,千佛菌,蓮花菌",菇類,28,1.4,0.1,5.8
G1900101,鴻喜菇,"紅喜菇,真姬菇,斑玉蕈,玉蕈,膠玉蘑,蟹味菇,海鮮菇,假松茸,松茸菇,榆菇,靈芝菇,黑真珠",菇類,30,2.9,0.1,5.3
G1900201,雪白菇,"美白菇,白玉菇",菇類,31,2.2,0,6.4
G2000101,洋菇,"西洋蘑菇(蘑菇,雙孢蘑菇)",菇類,25,3,0.2,3.8
G2000201,冷凍洋菇,"西洋蘑菇(蘑菇,雙孢蘑菇)",菇類,39,3.8,1.5,4.3
G2100101,白茯苓,"松(雲/安/閩)苓,玉(茯)靈,茯兔(龜),松柏芋,松薯,不死麵,萬靈桂(精),更生,金翁",菇類,316,1,0.2,79.9
G2300101,猴頭菇,"猴頭蘑,刺蝟菌,蝟菌,花菜菇,圓頭菇,陰陽蘑,對臉蘑",菇類,30,2.1,0.2,5.9
G2310101,乾猴頭菇,"猴頭蘑,刺蝟菌,蝟菌,花菜菇,圓頭菇,陰陽蘑,對臉蘑",菇類,311,12.3,3.4,64.3
G2410101,乾竹笙,"竹蓀,竹參(長裙竹蓀)",菇類,312,17.5,2,64.1
G9000101,松茸白菇,,菇類,38,5.1,0.5,5.3
G9000201,金喜菇,,菇類,39,2.7,0.2,7.7
G9000301,喜來菇,,菇類,37,3.5,0.4,6.3
G9000401,富珍茸,,菇類,37,3,0.4,6.8
H01051,白鳳豆平均值,"矮性刀豆,洋刀豆,立刀豆",豆類,337,23.8,2.1,58.2
H0105101,白鳳豆(台灣),"矮性刀豆,洋刀豆,立刀豆",豆類,348,27.4,2.8,56.4
H0105102,白鳳豆(進口),"矮性刀豆,洋刀豆,立刀豆",豆類,325,20.1,1.3,60
H0205101,米豆,"飯豆,蛋白豆,赤山豆,繖形豇豆,島田豇豆",豆類,349,21.7,2.4,62.2
H0305101,花豆,"紅花豆,紅(赤)花菜豆,花仔(阿/柳)豆",豆類,328,21.2,1.7,59
H0405101,紅豆,"小豆,赤小豆,赤豆,通常小豆,小紅豆,紅小豆",豆類,328,20.9,0.6,61.5
H0505101,紅雲豆(大紅豆),"紅菜豆,大紅豆",豆類,328,20.2,1.4,60.4
H0605101,青仁黑豆,"烏豆,枝仔豆,黑大豆",豆類,385,37,14.2,33.7
H0605201,黃仁黑豆,"烏豆,枝仔豆,黑大豆",豆類,253,20.6,2.1,40.3
H0610101,黑豆胚芽,,豆類,185,16.1,7.7,15.9
H0610201,烘烤黑豆,"烏豆,枝仔豆,黑大豆",豆類,435,39,20.1,32.4
H0620101,黑豆粉,"烏豆,枝仔豆,黑大豆",豆類,431,36,17.6,39
H0705101,毛綠豆,"菉豆,綠小豆,輻莢豆",豆類,346,22.1,1.2,63.6
H0705102,綠豆,"菉豆,綠小豆,輻莢豆",豆類,344,22.8,1.1,63
H0710101,綠豆仁,"菉豆,綠小豆,輻莢豆",豆類,339,24.6,1.3,59.6
H0720101,綠豆粉,"菉豆,綠小豆,輻莢豆",豆類,344,21.7,1.5,62.9
H0800101,豇豆(莢),"長豇豆,長莢豇豆,豆角,菜(筷/江/長/角)豆",豆類,35,2.4,0.1,6.2
H0900101,萊豆仁(帶膜),"皇帝豆,皇格豆,白扁豆,觀音豆,雪豆,大馬萊豆,細綿豆",豆類,112,7.8,0.4,20.1
H0900201,萊豆仁(去膜),"皇帝豆,皇格豆,白扁豆,觀音豆,雪豆,大馬萊豆,細綿豆",豆類,137,7.4,1.4,24.7
H1000101,粉豆莢,"菜豆莢,四季豆,雲藕豆,隱之(元)豆,白(花)雲豆,敏(雲/芸/粉/醜)豆",豆類,27,1.7,0.1,5
H1000201,敏豆莢,"菜豆莢,四季豆,雲藕豆,隱之(元)豆,白(花)雲豆,敏(雲/芸/粉/醜)豆",豆類,30,1.7,0.2,5.3
H1000301,冷凍菜豆(莢),"四季豆,雲藕豆,隱之(元)豆,白(花)雲豆,敏(雲/芸/粉/醜)豆",豆類,57,3.4,0.1,10.8
H1100101,毛豆仁,"大豆,青大豆,青皮豆",豆類,129,14.6,3.3,12.5
H1100201,毛豆莢(高雄13號),"大豆,青大豆,青皮豆",豆類,137,11.6,5.1,13.2
H1100301,冷凍毛豆仁,"大豆,青大豆,青皮豆",豆類,135,12.5,6.1,9.8
H1105101,黃豆,"大豆,菽",豆類,389,35.6,15.7,33
H1110101,黃豆胚芽,大豆胚芽,豆類,169,16.6,5.4,16.4
H1120101,黃豆粉,大豆,豆類,401,37.4,16.7,32.2
H1120102,黃豆粉(有機),大豆粉(有機),豆類,434,42,21.9,25.9
H1150201,豆漿(無糖),,豆類,35,3.6,1.9,0.7
H1200101,豌豆仁,"荷蓮豆仁,荷仁豆仁,荷蘭豆仁,花蓮豆仁,飛龍豆仁,青豆仁,胡豆仁,畢豆仁,宛豆仁,孫豆仁,丸豆仁,留",豆類,123,9.2,0.4,21.7
H1200201,豌豆莢,"荷蓮豆,荷仁豆,荷蘭豆,花蓮豆,飛龍豆,青豆莢,胡豆莢,畢豆莢,宛豆莢,孫豆莢,丸豆莢,留豆莢,戎菽",豆類,41,2.9,0.2,7.1
H1200301,高山大豌豆莢,"荷蓮豆,荷仁豆,荷蘭豆,花蓮豆,飛龍豆,青豆莢,胡豆莢,畢豆莢,宛豆莢,孫豆莢,丸豆莢,留豆莢,戎菽",豆類,49,2.4,0,9.9
H1200401,甜豌豆莢,"甜脆豌豆,甜荷蘭豆,甜荷仁豆",豆類,42,3,0.2,7.4
H1200501,冷凍豌豆仁,"荷蓮豆仁,荷仁豆仁,荷蘭豆仁,花蓮豆仁,飛龍豆仁,青豆仁,胡豆仁,畢豆仁,宛豆仁,孫豆仁,丸豆仁,留",豆類,96,6.1,0.6,17.1
H1300101,鵲豆莢,"肉(扁/藊)豆,峨(蛾/花)眉豆,沿(延)籬豆,隱元豆,膨皮豆",豆類,31,2.4,0.3,5.1
H1505101,紅扁豆仁,,豆類,343,25.3,2.1,58.3
H1600101,鷹嘴豆,"雪蓮子,埃及豆,馬豆,桃爾豆,雞心豆,雞豆,雞屁股豆",豆類,364,19.4,5.8,61
H1700101,樹豆(白),"木豆,白樹豆,柳豆,米豆,放屁豆,番仔豆,蒲姜豆",豆類,325,22.1,0.8,59.4
H1800101,翼豆,四角豆、翅豆、羊角豆、 楊桃豆、四稜豆,豆類,31,2.5,0.4,4.7
H2000101,天貝(黃豆),,豆類,187,23.6,9,7.4
I01001,牛小排平均值,"肥牛肉,小肋排,牛仔骨",肉類,325,15.1,28.9,0
I0100101,去骨牛小排,"肥牛肉,小肋排",肉類,290,17.1,24,0
I0100102,帶骨牛小排,牛仔骨,肉類,360,13.1,33.7,0.4
I0100103,無骨牛小排(美牛),,肉類,335,15.6,29.8,0.2
I0100201,牛肋條,"腩條,條肉",肉類,225,18.6,16.2,1.1
I0100202,牛肋條(2021年取樣),,肉類,358,15.7,32.3,0.3
I0100301,沙朗牛排,"里肌,大里肌,肋眼,修清肋眼肉;修清肉眼",肉類,162,20.4,8.3,1.5
I0102101,板腱,板腱牛排;白蘭地牛排;上肩胛脊底肌,肉類,166,19.8,9,0.2
I0102201,牛去骨肩胛小排,肥牛肉,肉類,233,16.9,17.9,1.2
I0104101,牛前胸肉,"去骨前胸肉,牛腩",肉類,331,14.8,29.7,0
I0104201,牛修清前胸肉,"修清牛腩,修清前胸腋肌",肉類,120,22.3,2.8,0.9
I0106101,去骨紐約克牛排,"外條,西冷,去骨前腰脊肉",肉類,200,21.3,12,0
I0106201,腓力牛排,"菲力牛排,牛柳,小里肌,腰內肉,去脂腰里肌肉,全修清去膜腰裡脊肉",肉類,184,20.6,10.7,0.1
I0108101,牛後腿肉,,肉類,122,19.4,4.3,3.7
I0108201,牛後腿股肉,"和尚頭,牛霖",肉類,153,20.6,7.2,0.8
I0108301,牛後腿腱子心,"牛腱,腱子",肉類,139,19.8,6,0
I0108302,牛後腿腱子心(2022年取樣),"牛腱,腱子",肉類,151,23.7,5.5,4
I01101,牛肉火鍋片平均值,,肉類,250,19.1,18.7,0
I0110101,牛五花肉火鍋片,,肉類,430,15.7,40.3,0
I0110102,牛紐約客火鍋片,,肉類,263,20.1,19.6,0
I0110103,牛梅花肉火鍋片,,肉類,120,20.3,3.7,0.9
I0110104,牛嫩肩里肌火鍋片,,肉類,188,20,11.4,1.8
I01201,牛肚平均值,"百葉胃,毛肚,牛百葉,牛百頁,牛草肚(牛之第一胃);蜂巢肚,金錢肚(牛之第二胃)",肉類,56,11.4,0.8,0.1
I0120101,牛肚(瘤胃),"百葉胃,毛肚,牛百葉,牛百頁,牛草肚(牛之第一胃,山鏈狀)",肉類,44,7.5,1.4,0
I0120102,牛肚切片(瘤胃),"百葉胃,毛肚,牛百葉,牛百頁,牛草肚(牛之第一胃)",肉類,67,15.3,0.2,0.3
I0120201,牛肚(蜂巢胃),"蜂巢肚,金錢肚(牛之第二胃)",肉類,107,19,2.8,0
I0120301,牛筋,蹄筋,肉類,157,21.7,7.2,3.3
I0200101,山羊帶皮羊肉塊,,肉類,164,20.3,8.6,3.4
I0200201,山羊前腿肉片,,肉類,123,21.3,3.5,0
I0200301,山羊後腿肉火鍋片,,肉類,170,18.9,9.9,0.1
I0210101,綿羊肉切片,,肉類,198,18.8,13,0
I0210201,法式羊排,"羊肋排,羊小排",肉類,260,18.8,20,0
I0210301,去骨肩頸眼羊肉,,肉類,198,17.8,13.5,0
I0210401,小羊腰脊肉,去骨腰脊肉,肉類,143,26.5,3.3,0
I0210501,綿羊腹脅肉火鍋片,五花肉火鍋片,肉類,252,16.9,20,2.5
I0300101,豬下肩肉,前腿肉,肉類,200,18.1,13.6,0
I0300201,豬下肩瘦肉,前腿瘦肉,肉類,131,20.1,5,0
I0300301,豬上肩肉,梅花肉,肉類,207,18.9,14,0
I0300401,豬肩胛肉,胛心肉,肉類,295,16.5,24.8,0
I0300501,豬肩胛排,中排,肉類,191,17.9,12.7,0
I0300502,豬肩胛排(2021年取樣),,肉類,244,17.8,18.7,0
I0300601,豬前腿外腱肉,"豬腱,腱子肉",肉類,146,20.7,6.5,0
I0302101,豬後腿外腱肉,"豬腱,外腱",肉類,184,19,11.4,0.8
I0302201,豬後腿肉,,肉類,123,20.4,4,0.4
I0302301,豬後腿瘦肉,,肉類,120,21.1,3.4,0.3
I0304101,豬大里肌,"背脊肉,里肌肉",肉類,212,19.2,14.4,0
I0304201,豬大排,"背脊,帶骨里肌",肉類,214,19.1,14.7,0
I0304301,豬小排,"里肌小排,肋小排,肋骨排",肉類,287,18,23.3,0
I0304401,僧帽肌,離緣肉,肉類,209,20.4,13.5,0
I0306101,豬小里肌,腰內肉,肉類,139,21.1,5.4,0
I0308101,豬去皮腹脇肉,"去皮五花肉,去皮三層肉",肉類,360,14.9,32.9,0.5
I0308201,豬帶皮腹脇肉,"帶皮五花肉,帶皮三層肉",肉類,368,14.5,33.9,0
I0308301,豬腹脇排,"腩排,肉排,小排",肉類,267,18.7,20.7,0
I0310101,豬肝連,"肝連,隔胸肉,條仔肉(橫隔肌)",肉類,220,14.6,17.5,0
I0310201,豬頰肉,"豬舌肉,菊花肉",肉類,182,17.5,11.9,1.4
I0310202,豬頰肉(2022年取樣),"豬舌肉,菊花肉",肉類,157,18.9,8.4,2.1
I0310301,豬頸肉,松阪豬肉,肉類,284,17.2,23.3,0.8
I03104,豬絞肉平均值,,肉類,212,18.7,14.6,0
I0310401,豬絞肉(70％瘦肉率),,肉類,218,19,15.2,0
I0310402,豬絞肉(90％瘦肉率),,肉類,205,18.5,14,0
I0320101,豬心,,肉類,128,13.6,7.8,1
I0320201,豬白管,"豬管庭(廷),皇管(豬之胸大動脈)",肉類,93,14.1,3.6,0
I0320301,豬皮,,肉類,491,22.1,44,0
I0320401,豬耳,,肉類,219,24.2,12.8,0.9
I0320501,豬舌,,肉類,185,18.5,11.8,0
I0320601,豬血,,肉類,29,6.3,0.3,0.5
I0320701,豬尾,,肉類,295,16.2,25,7.1
I0320801,豬肝,,肉類,137,20.8,5.3,1.7
I0321101,豬肚,豬胃,肉類,152,12.4,11,0
I0321201,熟豬肚,豬胃,肉類,137,16,7.6,2.7
I0321301,豬油渣,,肉類,837,17.4,84.5,0
I03214,豬骨湯平均值,高湯,肉類,8,0.9,0.4,0
I0321401,豬大骨湯,高湯,肉類,7,1,0.3,0.4
I0321402,豬肋骨湯,"高湯,小骨湯,籤仔骨湯,冰仔骨湯,支骨湯",肉類,9,0.7,0.6,0
I0321403,豬肩骨湯,高湯,肉類,8,1.1,0.4,0.2
I0321501,豬軟骨,,肉類,332,15.6,29.4,0
I0321601,豬腎,腰子,肉類,82,15,1.9,1.7
I0321701,豬脾臟,腰尺,肉類,79,15,1.6,2
I0321801,豬大腸,,肉類,198,6.6,18.9,1.9
I0321901,豬小腸,,肉類,156,12.5,11.4,0.6
I0322001,豬空腸,粉腸,肉類,186,10.9,15.4,8.6
I0322101,豬前腳,"豬腳,豬蹄,短腳",肉類,252,21.9,17.6,0
I0322201,豬後腳,"豬腳,豬蹄,長腳",肉類,253,19.5,18.8,0
I0322301,豬蹄膀,"豬腳,蹄膀,圓蹄",肉類,331,17.1,28.6,0
I0322501,豬腳筋,"蹄筋,長筋",肉類,72,14.4,1.1,0
I0322601,豬腦,,肉類,125,10.8,8.7,0
I0400101,土雞,"放山雞,走地雞",肉類,196,19,12.7,0
I0400201,肉雞,飼料雞,肉類,248,16.1,19.9,0
I0400301,烏骨雞,"竹絲雞,絲羽烏骨雞,武山雞,烏雞",肉類,212,17.9,15.1,0.9
I04021,里肌肉平均值,,肉類,109,24.2,0.6,0
I0402101,里肌肉(土雞),,肉類,112,24.8,0.6,0
I0402102,里肌肉(肉雞),,肉類,106,23.7,0.6,0
I0402201,帶骨去皮對切胸(肉雞),,肉類,104,22.4,0.9,0
I0402301,帶骨帶皮對切胸(肉雞),,肉類,219,19.3,15.1,0
I04024,去皮清肉平均值,,肉類,119,23.3,2.1,0
I0402401,去皮清肉(土雞),去皮雞胸肉,肉類,121,23.4,2.3,0
I0402402,去皮清肉(肉雞),去皮雞胸肉,肉類,117,23.3,1.9,0.6
I04041,骨腿平均值,,肉類,163,18,9.5,0.2
I0404101,骨腿(土雞),雞腿,肉類,130,21.7,4.1,0
I0404102,骨腿(肉雞),雞腿,肉類,196,14.4,14.9,1.7
I04042,清腿平均值,,肉類,157,18.5,8.7,0
I0404201,清腿(土雞),雞腿,肉類,142,20.4,6.1,0
I0404202,清腿(肉雞),雞腿,肉類,173,16.6,11.3,0
I04043,棒棒腿平均值,,肉類,151,18.9,7.8,0
I0404301,棒棒腿(土雞),雞腿,肉類,143,21,5.9,0
I0404302,棒棒腿(肉雞),雞腿,肉類,159,16.8,9.7,0.3
I04044,雞排平均值,,肉類,183,17.1,12.2,0
I0404401,雞排(土雞),,肉類,158,18.9,8.6,0
I0404402,雞排(肉雞),,肉類,208,15.3,15.8,0
I0404403,雞排(肉雞)(2021年取樣),,肉類,251,14.9,20.8,0
I0404501,去皮去骨雞腿(肉雞),,肉類,165,19.8,8.9,0
I04061,二節翅平均值,,肉類,226,18.1,16.4,0
I0406101,二節翅(土雞),,肉類,228,19.8,15.9,0
I0406102,二節翅(肉雞),,肉類,223,16.4,17,0.6
I04062,三節翅平均值,,肉類,210,18.3,14.6,0
I0406201,三節翅(土雞),,肉類,198,19,13,0
I0406202,三節翅(肉雞),,肉類,222,17.7,16.3,0
I0406301,翅腿(肉雞),小雞腿,肉類,210,17.8,14.8,1
I0410101,雞絞肉,,肉類,131,27.4,1.6,0
I0420101,雞心(肉雞),,肉類,190,13.3,14.8,0.1
I0420102,雞心(肉雞)(2021年取樣),,肉類,204,14.4,15.8,1.2
I0420201,雞尾椎,雞屁股,肉類,452,9,45.9,0.1
I0420301,雞肝(肉雞),,肉類,111,18.8,3.5,2.7
I0420401,雞胗(肉雞),雞肫,肉類,89,16.6,2,0.3
I0420601,雞胸骨湯,雞高湯,肉類,9,1.5,0.3,0.2
I0420701,雞睪丸,"雞子,雞弗",肉類,71,10.6,2.8,0.2
I0420801,雞腳(肉雞),"雞爪,鳳爪",肉類,209,20.7,13.3,1.2
I0420901,雞膝軟骨(肉雞),雞軟骨,肉類,107,20.4,2.2,0.5
I0421001,雞皮(肉雞),,肉類,442,11.7,43.4,0
I0500101,太空鴨,,肉類,319,16,27.8,0
I0500201,番鴨,"麝番鴨,紅面鴨,紅面(正)番鴨",肉類,229,18.2,16.7,0
I0500301,太空鴨(去皮),,肉類,102,20.1,1.8,0
I0500401,土番鴨,,肉類,111,20.9,2.4,0
I0502101,櫻桃鴨胸肉片,,肉類,227,16.7,17.2,4.7
I0504101,鴨腿,,肉類,282,14.4,24.5,3.4
I0520101,鴨血,,肉類,29,6,0.3,0
I0520201,鴨胗,鴨肫,肉類,97,20.5,1.1,0.3
I0520301,去骨鴨掌,,肉類,113,12.6,6.6,0
I0520401,鴨腸,,肉類,94,13.8,3.9,0
I0520601,鴨翅,,肉類,170,22.8,8.1,0
I0520701,鴨頭,,肉類,199,16.5,14.3,0
I0520801,鴨舌,,肉類,187,16,13.2,0
I0600101,鵝肉,,肉類,187,15.6,13.4,2.4
I0602101,鵝胸肉,,肉類,120,23.5,2.2,0.2
I0604101,鵝腿肉,,肉類,130,21.7,4.2,0
I0620101,鵝心,,肉類,241,14.5,19.9,0
I0620201,鵝肝,,肉類,123,20.5,3.9,0.6
I0620301,鵝胗,鵝肫,肉類,95,17.4,2.3,2.8
I0620401,鵝腸,,肉類,63,9.2,2.6,0.7
I0700101,火雞肉,"七面鳥,吐綬雞",肉類,141,21.1,5.6,0
I0802101,鴕鳥菲力肉排,"鴕鳥腓力,鴕鳥里肌肉",肉類,105,22.8,0.8,0.8
I0804101,鴕鳥沙朗肉排,,肉類,97,20.9,0.8,6.1
I0810101,鴕腱肉,"屈肌,伸肌",肉類,107,18.7,3.1,0.2
I0810201,鴕腩肉,,肉類,144,21.2,5.9,0.7
I1000101,山豬肉片,山豬肉,肉類,466,11.9,46,0
I9900101,虎皮蛙,"虎斑蛙,虎紋蛙,水雞,田雞,台灣青蛙",肉類,94,21.1,0.4,0.6
I9900201,蛇肉,,肉類,85,19,0.4,0
J0200201,雙髻鯊,"丫髻鯊(鮫),犛頭沙,雙髻鯊,雙過仔",魚貝類,117,27.4,0.1,0
J0200202,雙髻鯊腹肉,"丫髻鯊(鮫),犛頭沙,雙髻鯊,雙過仔",魚貝類,110,25.8,0,0
J0200301,鯊魚切片,沙魚,魚貝類,106,24.8,0,0
J0400101,魟魚,,魚貝類,106,24.8,0.1,0
J0400201,日本鰻鱺魚片(生),"白鰻,日本鰻,正鰻,白鱔,鰻鱺,土鰻(澎湖),淡水鰻(澎湖)",魚貝類,254,18.1,19.6,0
J0400401,灰海鰻,"虎鰻,海鰻,錢鰻(臺東)",魚貝類,97,20.5,1,0
J0400501,魩仔魚,魩仔,魚貝類,56,11.1,0.9,0
J04006,魩仔魚平均值(加工),魩仔,魚貝類,124,26.2,1.3,1
J0400601,"魩仔魚(加工,大)",魩仔,魚貝類,97,20.7,1,1.1
J0400602,"魩仔魚(加工,小)",魩仔,魚貝類,151,31.8,1.7,0.9
J0400603,魩仔魚(加工),,魚貝類,105,23,0.8,0
J0400801,灰海荷蝹,"針魩仔,鱙仔,寮仔魚",魚貝類,101,21,1.3,0
J0400901,日本銀帶鯡(加工),"針嘴鰮,丁香魚,魩仔,丁香,鱙仔,灰海荷鰮",魚貝類,111,21.5,2.1,1.2
J0400902,日本銀帶鯡魚干(丁香魚脯),"針嘴鰮,丁香魚,魩仔,丁香,鱙仔,灰海荷鰮",魚貝類,275,51.8,6,1.7
J04010,虱目魚平均值(去皮),"麻虱目仔,麻虱(蝨)目,蝨(遮/塞)目魚,虱麻魚,海草魚,安平魚,國姓(聖)魚",魚貝類,179,21.8,9.5,0.2
J0401001,虱目魚(2月),"海草魚,遮目魚,殺目魚,安平魚,國姓魚,麻虱目仔,虱目/麻虱目(澎湖)",魚貝類,180,19.8,10.6,1.3
J0401002,虱目魚(5月),"海草魚,遮目魚,殺目魚,安平魚,國姓魚,麻虱目仔,虱目/麻虱目(澎湖)",魚貝類,189,22.3,10.4,0
J0401003,虱目魚(8月),"海草魚,遮目魚,殺目魚,安平魚,國姓魚,麻虱目仔,虱目/麻虱目(澎湖)",魚貝類,124,23.7,2.6,0.5
J0401004,虱目魚(9月),"海草魚,遮目魚,殺目魚,安平魚,國姓魚,麻虱目仔,虱目/麻虱目(澎湖)",魚貝類,208,22,12.7,0
J0401005,虱目魚(12月),"海草魚,遮目魚,殺目魚,安平魚,國姓魚,麻虱目仔,虱目/麻虱目(澎湖)",魚貝類,192,21.4,11.2,0.1
J0401101,虱目魚(含皮),"海草魚,遮目魚,殺目魚,安平魚,國姓魚,麻虱目仔,虱目/麻虱目(澎湖)",魚貝類,200,21.8,11.9,0
J0401102,虱目魚(2022年取樣),"海草魚,遮目魚,殺目魚,安平魚,國姓魚,麻虱目仔,虱目/麻虱目(澎湖)",魚貝類,243,20.1,17.4,1.4
J0401201,虱目魚腹肉(虱目魚肚),,魚貝類,342,17.4,29.6,0
J0401301,草魚切片,"鯇,鯤,池魚,草根魚,草鰱(高屏地區)",魚貝類,166,21.4,8.3,2.1
J0401401,草魚(含皮),"鯇,鯤,池魚,草根魚,草鰱(高屏地區)",魚貝類,91,17.2,2,0.8
J0401501,鯉,"鮘仔,在來鯉,財神魚",魚貝類,91,14.5,3.2,2.1
J0401601,鱅,"黑鰱,大頭鰱(魚),花鰱,胖頭鰱",魚貝類,145,18.7,7.2,0
J0401701,鬍鯰,"鬍子鯰,土殺,本土土虱,塘虱魚",魚貝類,194,16.3,13.8,0
J0401801,斑海鯰,"成仔魚,成仔丁,銀成,白肉成,臭臊成,生仔魚,鰻鯰,賓士魚",魚貝類,86,19.2,0.5,0
J0401901,長體油胡瓜魚,柳葉魚,魚貝類,104,15,4.4,0
J0402001,香魚,"桀(加魚邊)魚,Ayu,年魚",魚貝類,147,18.5,7.5,0
J0402101,銀魚,"水晶魚,小銀魚",魚貝類,69,14.3,0.9,0.9
J0402201,白肉鮭魚切片,,魚貝類,151,22.6,6.1,0.3
J0402301,紅肉鮭魚切片,,魚貝類,158,24.3,6,0
J04024,大西洋鮭魚平均值(去皮),,魚貝類,221,20.2,14.9,0
J0402401,大西洋鮭魚(台灣養殖),,魚貝類,155,23.6,6,0
J0402402,大西洋鮭魚切片(中段),,魚貝類,174,20.7,9.5,0
J0402403,大西洋鮭魚切片(尾段),,魚貝類,204,20.7,12.8,0
J0402404,大西洋鮭魚生魚片,,魚貝類,222,19.6,15.3,0
J0402405,大西洋鮭魚腹肉,,魚貝類,349,16.4,31,0
J0402501,麥奇鈎吻鮭(去皮),"鱒魚,虹鱒,麥奇鉤吻鱒",魚貝類,160,20.9,7.8,0
J0402601,麥奇鈎吻鮭(含皮),"鱒魚,虹鱒,麥奇鉤吻鱒",魚貝類,147,20.1,6.8,0.4
J0402701,姬魚,"仙女魚,狗母,汕狗母",魚貝類,104,24.1,0.2,0
J0402801,印度鐮齒魚,"水狗母,粉粘,那哥,那個魚",魚貝類,49,10.4,0.5,0.4
J0402901,狗母魚(蛇鯔),"狗母梭,狗母",魚貝類,103,20.8,1.6,0.1
J0403001,鮟鱇,,魚貝類,68,14.9,0.5,0.6
J04031,鯔平均值(去皮),"烏(鯔/信/聖)魚,青頭仔(幼魚),奇目仔(成魚),正(大)烏,正(回)頭烏,日本鯔",魚貝類,152,20.6,7.1,0.3
J0403101,鯔(2月),"青頭仔(幼魚),奇目仔(成魚),信魚,正烏,烏魚,正頭烏,回頭烏,大烏(澎湖)",魚貝類,137,20.4,5.5,1.6
J0403102,鯔(4月),"青頭仔(幼魚),奇目仔(成魚),信魚,正烏,烏魚,正頭烏,回頭烏,大烏(澎湖)",魚貝類,133,20.4,5,0.9
J0403103,鯔(8月),"青頭仔(幼魚),奇目仔(成魚),信魚,正烏,烏魚,正頭烏,回頭烏,大烏(澎湖)",魚貝類,224,17.3,16.7,0
J0403104,"鯔(11月,雄魚)","青頭仔(幼魚),奇目仔(成魚),信魚,正烏,烏魚,正頭烏,回頭烏,大烏(澎湖)",魚貝類,129,21.3,4.2,0
J0403105,"鯔(11月,雌魚)","青頭仔(幼魚),奇目仔(成魚),信魚,正烏,烏魚,正頭烏,回頭烏,大烏(澎湖)",魚貝類,141,21.5,5.5,0
J0403106,"鯔(12月,雄魚)","青頭仔(幼魚),奇目仔(成魚),信魚,正烏,烏魚,正頭烏,回頭烏,大烏(澎湖)",魚貝類,137,21.1,5.2,0.9
J0403107,"鯔(12月,雌魚)","青頭仔(幼魚),奇目仔(成魚),信魚,正烏,烏魚,正頭烏,回頭烏,大烏(澎湖)",魚貝類,149,21.8,6.2,0.2
J0403108,鯔切片,"青頭仔(幼魚),奇目仔(成魚),信魚,正烏,烏魚,正頭烏,回頭烏,大烏(澎湖)",魚貝類,170,21.2,8.8,0
J0403201,鯔(含皮),"青頭仔(幼魚),奇目仔(成魚),信魚,正烏,烏魚,正頭烏,回頭烏,大烏(澎湖)",魚貝類,155,20.6,7.4,0
J0403301,斑鰭飛魚,"小烏,飛烏,花烏(澎湖)",魚貝類,94,22,0.1,0.2
J0403401,斑鱵,"補網師,水針,莎優莉,簪針(澎湖),七星針(南部)",魚貝類,91,20.6,0.3,0.3
J0403501,鱷形叉尾鶴鱵,"青旗,學仔,白天青旗,圓學(澎湖)",魚貝類,98,22.4,0.3,0.2
J0403601,金鱗魚,,魚貝類,85,19.5,0.2,1.3
J0403701,鱗馬鞭魚,"馬鞭魚,馬戍,槍管,火管,剃仔,土管(臺東)",魚貝類,84,18.5,0.5,0
J0403801,黃鱔,"鱔魚,田鱔,田鰻,長魚,血魚,羅魚,無鱗公子",魚貝類,88,17.6,1.4,1
J0403901,石狗公,"石頭魚,獅甕(澎湖),紅鱠仔",魚貝類,80,18.3,0.2,0
J0404001,環紋簑鮋,"龍鬚簑鮋,獅子魚,長獅,魔鬼,國公,石狗敢,虎魚,雞公,紅虎,火烘,石頭魚",魚貝類,79,18.4,0.1,0
J0404101,深海鱗角魚,"深海角魚,雞角,角仔魚",魚貝類,80,17.7,0.5,0
J0404201,尖嘴鱸(去皮),"金目鱸,盲槽,扁紅目鱸",魚貝類,98,20.6,1.2,0.1
J0404301,尖嘴鱸(含皮),"金目鱸,盲槽,扁紅目鱸",魚貝類,107,19.6,2.6,0
J04044,日本花鱸平均值,"七星鱸,花鱸,青鱸,鱸魚,日本真鱸",魚貝類,98,19.9,1.5,0.9
J0404401,日本花鱸(2月),"七星鱸,花鱸,青鱸,鱸魚,日本真鱸",魚貝類,95,20.1,1,1.9
J0404402,日本花鱸((3月),"七星鱸,花鱸,青鱸,鱸魚,日本真鱸",魚貝類,100,20,1.6,0.5
J0404403,日本花鱸((8月),"七星鱸,花鱸,青鱸,鱸魚,日本真鱸",魚貝類,95,19,1.6,1.5
J0404404,日本花鱸((11月),"七星鱸,花鱸,青鱸,鱸魚,日本真鱸",魚貝類,99,20.5,1.3,0.1
J0404405,日本花鱸((12月),"七星鱸,花鱸,青鱸,鱸魚,日本真鱸",魚貝類,101,19.6,1.9,0.4
J0404501,日本花鱸(含皮),"七星鱸,花鱸,青鱸,鱸魚,日本真鱸",魚貝類,111,19.2,3.2,0.8
J0404601,白鱸,,魚貝類,76,17.7,0.1,1
J0404701,條紋狼鱸,,魚貝類,147,21.4,6.2,0
J0404801,鱖,,魚貝類,89,17.7,1.5,0
J0404901,白緣星鱠,"闊嘴格仔,鱠,過魚,石斑,紅朱鱠(臺東),粉條(澎湖)",魚貝類,101,19.9,1.8,0
J04050,青星九刺鮨平均值,"紅鱠(條/格),七星斑,紅格仔,過(鯌/髻/郭)魚,石斑,條舅,青星九棘鱸,仔石斑,夕鱠",魚貝類,94,20.9,0.5,0
J0405001,青星九刺鮨,"紅鱠,紅格仔,過魚,石斑,條舅,紅條,鱠仔(臺東)",魚貝類,83,19.3,0.1,0.5
J0405002,青星九刺鮨魚片,"紅鱠,紅格仔,過魚,石斑,條舅,紅條,鱠仔(臺東)",魚貝類,104,22.6,0.8,0
J0405101,斑帶石斑魚,"石斑,過魚,罔仔,竹節鱠,擬青石斑魚",魚貝類,90,20.2,0.5,0
J0405102,龍虎石斑魚,"龍虎斑,巴龍膽,珍珠龍膽,虎膽",魚貝類,122,20.6,3.8,1.2
J0405201,斑點九刺鮨(去皮),"眼斑鱠,過魚,石斑,油鱠,青貓,黑鱠僅,黑鱠仔(澎湖)",魚貝類,82,18.8,0.2,0.9
J0405301,斑點九刺鮨(含皮),"眼斑鱠,過魚,石斑,油鱠,青貓,黑鱠僅,黑鱠仔(澎湖)",魚貝類,84,19.4,0.1,0
J0405401,棕點石斑魚,"老虎斑,過魚",魚貝類,115,19.1,3.7,0
J0405501,鞍帶石斑魚片,"龍膽石斑,過魚,槍頭石斑魚,倒吞鱟,鴛鴦鱠,龍躉(香港)",魚貝類,155,19.1,8.2,0.2
J0405601,駝背鱸,"老鼠斑,鰵魚,烏丸稅,尖嘴鱠仔,觀音鱠,斟鰻鱠(澎湖)",魚貝類,83,18.1,0.6,0
J0405701,橫紋九刺鮨,"橫帶鱠,過魚,石斑,黑貓仔,黑絲貓,竹鱠仔,黑青貓仔(澎湖),烏絲(香港)",魚貝類,85,19.3,0.3,0
J0405801,大口黑鱸,"黑鱸,加州鱸,淡水鱸",魚貝類,130,20.7,4.6,0
J0405901,日本紅目大眼鯛,"紅目鰱,嚴公仔,大目仔(臺東),紅目孔(澎湖),嚴公舅(澎湖)",魚貝類,97,19.6,1.5,0
J0406001,血斑異大眼鯛,"紅目鰱,嚴公仔",魚貝類,93,20.6,0.6,0
J0406101,多鱗沙鮻,"沙腸仔,kiss 魚",魚貝類,90,18.6,1.2,0.6
J0406201,日本馬頭魚,"馬頭,方頭魚,吧唄,紅尾,吧口弄,紅馬頭,紅甘鯛",魚貝類,85,18.7,0.6,0
J0406301,白馬頭魚,"馬頭,方頭魚,馬頭,方頭魚,白馬頭,拉崙(澎湖),白甘鯛",魚貝類,91,19.2,1,0.1
J0406401,鬼頭刀魚片,"鱰魚,萬魚,飛烏虎,鬼頭刀(臺東),鱰,萬引,扁頭刀(澎湖),九萬仔(澎湖)",魚貝類,78,17.2,0.5,0
J0406501,鬼頭刀,"鱰魚,萬魚,飛烏虎,鬼頭刀(臺東),鱰,萬引,扁頭刀(澎湖),九萬仔(澎湖)",魚貝類,107,21.8,1.5,0
J0406601,海鱺,"海麗仔,軍曹魚,海龍魚,黑魽,海麗(臺東),海魚戾魚,錫臘白,海鱺/鱺魚/紅目鱺(澎湖)",魚貝類,106,20.4,2.1,0
J0406602,海鱺魚片,"海麗仔,軍曹魚,海龍魚,黑魽,海麗(臺東),海魚戾魚,錫臘白,海鱺/鱺魚/紅目鱺(澎湖)",魚貝類,264,19.3,20.1,0
J0406701,大口逆鈎鰺,"七星仔,棘蔥仔,鬼平,龜濱,龜柄,油面仔(臺東),歸秉/龜秉/肥柄(澎湖)",魚貝類,103,21.8,1.1,0.1
J0406801,大甲鰺,"鐵甲,扁甲,大目巴攏,大甲鰺",魚貝類,105,21.2,1.6,0.4
J0406901,日本竹筴魚,"巴攏,竹莢魚,瓜仔魚,真鰺,巴蘭,瓜魚,巴弄/硬尾(澎湖),黑尾",魚貝類,116,23,2,0
J0407001,布氏鯧鰺(去皮),"金槍,金鯧,紅杉,紅沙瓜仔,長鰭黃臘鰺,甘仔魚(臺東),紅紗(澎湖)",魚貝類,192,20.3,11.7,0
J0407101,布氏鯧鰺(含皮),"金槍,金鯧,紅杉,紅沙瓜仔,長鰭黃臘鰺,甘仔魚(臺東),紅紗(澎湖)",魚貝類,190,17.5,12.8,0
J0407201,杜氏鰤,"紅甘,紅甘鰺,竹午,汕午,紅頭午",魚貝類,115,21.9,2.4,0.2
J0407202,長鰭鰤魚,"油甘,黃尾鰺,甘仔,扁午,扁甘,柴魽",魚貝類,114,22.8,1.9,2.7
J0407301,范氏副葉鰺,甘仔魚,魚貝類,108,20.9,2.1,2.1
J0407401,泰勃圓鰺,硬尾,魚貝類,113,22.8,1.7,1.4
J0407501,烏鯧,"烏昌,三角昌,昌鼠魚,黑鯧,暗鯧,黑鰭,燕尾鯧",魚貝類,94,20.4,0.8,0
J0407601,無斑圓鰺,"紅瓜魚,巴攏,紅扁鰺,赤尾仔(臺東),赤尾,馬尾冬,紅瓜鰺,紅尾巴弄(澎湖)",魚貝類,119,23.9,1.9,0
J0407701,藍圓鰺,"硬尾,廣仔,甘廣,四破,巴攏,金鼓,吧弄,巴弄/孔仔(澎湖)",魚貝類,114,24,1.3,0
J0407801,雙帶鰺,"海草,拉侖,拉崙/柴魚/青甘(澎湖)",魚貝類,118,22.6,2.4,0
J0407901,眼眶魚,"皮刀,眼眶魚,庖刀魚,皮鞋刀,菜刀魚,剃頭刀(澎湖)",魚貝類,113,20.3,2.9,0.2
J0408001,斯氏長鰭烏魴,"深海三角仔,黑飛刀,黑皮刀,三角仔(臺東),大鱗烏鯧(澎湖)",魚貝類,97,22.4,0.1,0
J0408101,史氏紅諧魚,"紅鰱魚,紅肉欉仔,紅嘴唇仔,紅唇仔,紅魚仔,白肉蒜,紅肉蒜",魚貝類,97,21.1,0.7,0
J0408201,希氏姬鯛,"鎖吾,散午,紅魚仔,紅臭魚仔,紅臭魚(臺東),白肉蒜",魚貝類,91,21.1,0.1,0.5
J0408301,赤鰭笛鯛,"紅雞仔,赤海雞,赤筆仔(臺東),赤筆,赤海,紅魚,紅鰭赤海/鐵汕婆(澎湖)",魚貝類,88,20.4,0.1,0
J0408401,孟加拉笛鯛,"赤筆仔,黃雞母(澎湖)",魚貝類,87,19.8,0.3,0
J0408501,前鱗笛鯛,赤筆仔,魚貝類,101,22,0.8,0.9
J0408601,馬拉巴笛鯛,"赤海,赤筆仔",魚貝類,86,20.2,0,0
J0408701,單斑笛鯛,"點記,黑點仔,黃翅,赤筆仔,點誌仔,龍王(臺東)",魚貝類,106,20.7,1.9,0
J0408801,黃擬烏尾鮗,"黃雞仔,包公雞,貢仔,黃腳佳仔,黃加甲(臺東),烏尾冬/青雞仔(澎湖)",魚貝類,80,18.7,0.1,0.3
J0408901,葉唇笛鯛,"厚唇仔,紅魚",魚貝類,118,19.9,3.7,0
J0409001,松鯛,"打鐵婆,枯葉,石鯽,睡魚,庫羅黛,睏魚,海南洋仔,南洋鱸魚,海吳郭,流魚/柴魚/打鐵鱸(澎湖)",魚貝類,98,18.2,2.3,0.1
J0409101,三線磯鱸,"三線雞魚,黃雞仔,雞仔魚,番仔加誌,黃公仔魚,黃雞魚,三爪仔,雞魚(澎湖),青筆",魚貝類,130,19,5.4,0.6
J0409201,星雞魚,"雞仔魚,石鱸,厚鱸,頭額/金龍/刣額(澎湖)",魚貝類,99,20.6,1.2,0.4
J0409301,密點少棘胡椒鯛,"雞仔魚,加志,少棘石鱸,圭誌/烏嘉誌(澎湖)",魚貝類,94,19.5,1.2,0
J0409401,金線魚,"金線鰱,黃線,紅杉",魚貝類,119,20.9,3.3,0
J0409501,青嘴龍占魚,"龍尖,龍占,青嘴仔,青嘴/尖嘴仔(澎湖)",魚貝類,128,22.7,3.4,0
J0409601,網紋龍占魚,"龍尖,龍占(臺東)",魚貝類,101,21.7,1,0
J0409701,平鯛,"黃錫鯛,枋頭,邦頭/枋頭/白嘉鱲(澎湖)",魚貝類,158,21,7.6,0.5
J0409801,阿部牙鯛,"赤鯮,阿部赤鯮",魚貝類,124,18.9,4.8,0
J04099,真鯛平均值(去皮),"嘉鱲魚,正鯛,加臘,加蚋,加魶,真鯛,加幾魚,銅盆魚,棘鬣魚",魚貝類,110,20.6,2.5,0.2
J0409901,真鯛(1月),"嘉鱲魚,正鯛,加臘,加蚋,加魶,真鯛,加幾魚,銅盆魚,棘鬣魚",魚貝類,100,20.1,1.6,0.7
J0409902,真鯛(3月),"嘉鱲魚,正鯛,加臘,加蚋,加魶,真鯛,加幾魚,銅盆魚,棘鬣魚",魚貝類,101,20.8,1.3,0.7
J0409903,真鯛(5月),"嘉鱲魚,正鯛,加臘,加蚋,加魶,真鯛,加幾魚,銅盆魚,棘鬣魚",魚貝類,87,20,0.1,0
J0409904,真鯛(8月),"嘉鱲魚,正鯛,加臘,加蚋,加魶,真鯛,加幾魚,銅盆魚,棘鬣魚",魚貝類,176,20.6,9.8,1.7
J0409905,真鯛(9月),"嘉鱲魚,正鯛,加臘,加蚋,加魶,真鯛,加幾魚,銅盆魚,棘鬣魚",魚貝類,92,21.6,0,0
J0409906,真鯛(11月),"嘉鱲魚,正鯛,加臘,加蚋,加魶,真鯛,加幾魚,銅盆魚,棘鬣魚",魚貝類,105,20.3,2,0
J0410001,黃鰭棘鯛,"黃鰭鯛,黃鰭,赤翅仔,赤翅,花身,鏡鯛",魚貝類,136,19.2,6,0.6
J0410101,黑棘鯛(去皮),"黑鯛,烏格,黑格,厚唇,烏毛,烏鱠,黑頰(澎湖)",魚貝類,136,20.3,5.5,0.6
J0410201,黑棘鯛(含皮),"黑鯛,烏格,黑格,厚唇,烏毛,烏鱠,黑頰(澎湖)",魚貝類,165,19.5,9,0
J0410301,多鱗四指馬鮁,"四絲馬鮁,四指馬鮁,竹午,大午,午仔,鬚午仔/發鬚午仔(澎湖)",魚貝類,146,19,7.2,0
J0410401,大黃魚,"黃魚,黃瓜,黃花魚,黃口,火口,大黃花",魚貝類,142,16.8,7.8,0.2
J0410501,小黃魚(去皮),"黃魚,小黃瓜,厚鱗仔,黃口,黃順,黃瓜,紅瓜",魚貝類,100,20,1.6,0
J0410601,小黃魚(含皮),"黃魚,小黃瓜,厚鱗仔,黃口,黃順,黃瓜,紅瓜",魚貝類,100,19.4,1.9,0
J0410701,白姑魚,"白口,帕頭,黃順,加網(澎湖)",魚貝類,97,18.8,1.8,0
J0410801,眼斑擬石首魚,紅鼓魚,魚貝類,95,19.7,1.2,0.9
J0410901,黃姑魚,"春子,假黃魚,黃婆,紅花(臺南安平)",魚貝類,89,19.4,0.7,0
J0411001,黑䱛,"黑口,烏喉,黑喉(臺東),加正,烏加網,黑喉,臭魚",魚貝類,149,17.9,8,1.2
J0411101,鮸,"鮸仔,敏魚,米魚,水鮸仔",魚貝類,104,23.3,0.5,0
J0411201,鱗鰭叫姑魚,"春子,油口/臭肚仔/金線加網(澎湖)",魚貝類,99,18.4,2.3,0.3
J0411301,黑斑海緋鯉,"秋姑,鬚哥,黑點秋哥/外海秋哥(澎湖)",魚貝類,97,18.8,1.8,0
J0411401,斑點雞籠鯧,"銅盤仔,鏡鯧,金鏡,定盤,咬破埔,金鐘(澎湖)",魚貝類,97,21.9,0.4,0
J0411501,花身鯻,"花身仔,斑吾,雞仔魚,三抓仔,花身鯻,邦五/斑午/兵舅仔/斑龜仔(澎湖)",魚貝類,157,19.5,8.2,0
J0411601,花尾唇指翁(翁加魚邊),"咬破布,三康,金花,萬年瘦,瘦仔/蝨鬢(澎湖)",魚貝類,116,19.8,3.4,0.6
J0411701,尼羅口孵非鯽(去皮),"南洋鯽仔,尼羅吳郭魚",魚貝類,113,20.4,2.9,0
J0411801,尼羅口孵非鯽(含皮),"南洋鯽仔,尼羅吳郭魚",魚貝類,125,19.4,4.7,0
J0411802,尼羅口孵非鯽(含皮)(2022年取樣),"南洋鯽仔,尼羅吳郭魚",魚貝類,122,20.4,3.9,3
J0411901,花身副麗魚,"珍珠石斑,淡水石斑,馬拉麗體魚",魚貝類,112,17.7,4.1,1.1
J0412001,紅色吳郭魚,"尼羅魚;台灣鯛,紅色尼羅魚,姬鯛,紅吳郭魚,濱鯛",魚貝類,108,18.3,3.3,1.3
J0412002,台灣鯛魚片(生),,魚貝類,110,18.2,3.6,2.5
J0412003,台灣鯛魚片(生)(2021年),,魚貝類,109,17.9,3.7,1.5
J0412101,台灣鯛魚片(水煮),,魚貝類,130,23.4,3.3,1.3
J0412102,台灣鯛魚片(油煎),,魚貝類,162,23.1,6.9,1.9
J0412103,"台灣鯛魚片(烤,190℃,10分鐘)",,魚貝類,111,19.7,3,1.8
J0412104,"台灣鯛魚片(烤,190℃,20分鐘)",,魚貝類,134,23,4,2.1
J0412105,"台灣鯛魚片(烤,230℃,10分鐘)",,魚貝類,127,21.3,4,1.5
J0412106,"台灣鯛魚片(烤,230℃,20分鐘)",,魚貝類,142,24.6,4.1,2.5
J0412107,台灣鯛魚片(清蒸),,魚貝類,112,19.3,3.3,2.2
J0412108,台灣鯛魚片(微波),,魚貝類,140,24.9,3.7,1.4
J0412201,台灣鯛魚湯(水煮),,魚貝類,5,0.9,0.2,0
J0412301,莫三比克口孵非鯽,"非洲仔,南洋鯽仔,在來吳郭魚,吳郭魚/鹹水吳郭(澎湖)",魚貝類,112,19.5,3.2,0
J0412401,薔薇項鰭魚(去皮),"薔薇連鰭唇魚,扁礫仔,紅姑娘仔,紅新娘,豎停仔,胭脂冷,角龍,平倍良,薔薇楔鯛,薔薇離鰭鯛,薔薇虹彩",魚貝類,96,17.3,2.4,0
J0412501,薔薇項鰭魚(含皮),"薔薇連鰭唇魚,扁礫仔,紅姑娘仔,紅新娘,豎停仔,胭脂冷,角龍,平倍良,薔薇楔鯛,薔薇離鰭鯛,薔薇虹彩",魚貝類,93,17.9,1.8,0
J0412601,藍豬齒魚,"石老,四齒仔,西齒,簾仔,寒鯛,鰱仔(澎湖)",魚貝類,81,18.5,0.2,0.2
J0412701,福氏鸚哥魚(去皮),"紅鸚哥,青鸚哥仔,青衣,青衫(雄),蠔魚(雌),紅海逮,紅咬齒,番仔魚(臺東)",魚貝類,84,19.6,0,0.2
J0412801,橫紋鸚哥魚(含皮),鸚哥,魚貝類,81,18.9,0,0
J0412901,藍點鸚哥魚,"鸚哥,黃衣魚,青衫(雄),紅蠔魚(雌),紅衫,蠔魚(雌)(澎湖)",魚貝類,86,20.1,0.1,0.6
J0413001,金錢魚,"變身苦,遍身苦(澎湖),金鼓",魚貝類,196,19.3,12.6,0
J0413101,褐臭肚魚,"臭肚,象魚,樹魚,羊鍋,疏網,茄冬仔,象耳/臭肚仔/羊矮仔/盧矮仔(澎湖)",魚貝類,164,19.9,8.8,0.6
J0413201,杜氏刺尾鯛,"眼紋倒吊,粗皮仔,倒吊(臺東)",魚貝類,137,19.1,6.2,0.6
J0413301,後刺尾鯛,"倒吊,粗皮仔,番倒吊(澎湖),半水吊",魚貝類,102,20.4,1.7,0
J0413401,鋸尾鯛,"黑豬哥,黑將軍,打鐵婆,剝皮仔,老娘(澎湖)",魚貝類,93,19,1.4,0.3
J0413501,大眼金梭魚,"針梭,竹梭,巴拉庫答",魚貝類,157,21.8,7.1,0
J0413601,鱗網帶鰆切片,"油魚,細鱗仔,玉梭魚,白玉豚",魚貝類,272,17.3,22,0
J0413701,鱗網帶鰆(含皮),"油魚,細鱗仔,玉梭魚,白玉豚",魚貝類,263,18,20.7,0
J0413801,白帶魚,"白魚,裙帶,肥帶,油帶,天竺帶魚,白帶魚,黃稜油帶(澎湖)",魚貝類,102,19.6,2,0
J0413901,大目鮪,"大目仔,大眼鮪,大目串,短墩,串仔(澎湖),短鮪",魚貝類,103,23.9,0.1,0
J0414001,正鰹,"煙仔虎,煙仔,小串,柴魚,肥煙,鯤(臺東),煙仔魚,卓鮶/大煙(澎湖)",魚貝類,149,23.1,5.6,0
J0414101,花腹鯖,"花飛,青輝,飛威/青飛/胡麻鯖",魚貝類,138,23.9,4,0.1
J0414201,高麗馬加鰆,"破北,闊北,闊腹仔,高麗鰆,破腹",魚貝類,119,19.4,4,0.3
J0414301,康氏馬加鰆切片(去皮),"土魠,馬加,馬鮫,梭齒,頭魠,鰆,土托,康氏馬發,塗魠(澎湖)",魚貝類,193,18.7,12.5,0
J0414401,康氏馬加鰆切片(含皮),"土魠,馬加,馬鮫,梭齒,頭魠,鰆,土托,康氏馬發,塗魠(澎湖)",魚貝類,176,19.3,10.4,1.5
J0414501,臺灣馬加鰆,"白北,白腹仔",魚貝類,180,20.2,10.4,0
J0414601,鮪魚生魚片,,魚貝類,100,23.3,0.1,0
J0414701,鯖魚(生),,魚貝類,417,14.4,39.4,0.2
J0414801,鯖魚(炒),,魚貝類,410,16.7,37.6,0.1
J0414802,鯖魚(炸),,魚貝類,555,17.2,53.4,0.1
J0414803,"鯖魚(烤,150度,10分)",,魚貝類,412,16.5,37.8,0
J0414804,"鯖魚(烤,150度,20分)",,魚貝類,396,19.1,34.8,0
J0414805,"鯖魚(烤,150度,30分)",,魚貝類,536,19.9,50,0
J0414806,"鯖魚(烤,180度,10分)",,魚貝類,373,20.2,31.8,0
J0414807,"鯖魚(烤,210度,10分)",,魚貝類,472,19,43.4,0
J0414808,鯖魚(煮),,魚貝類,375,14.9,34.5,0.4
J0414809,鯖魚(煎),,魚貝類,403,20,35.9,0
J0414810,鯖魚(蒸),,魚貝類,392,14.6,36.5,0.7
J0414901,旗魚切片,"翹翅仔,白肉旗魚,闊胸仔,立翅旗魚,白皮丁挽,白皮旗魚",魚貝類,111,26,0,0.8
J0414902,旗魚腹肉,"翹翅仔,白肉旗魚,闊胸仔,立翅旗魚,白皮丁挽,白皮旗魚",魚貝類,105,22.2,1.1,0
J0415001,刺鯧(去皮),"肉魚,肉鯽仔,土肉,肉鯽,瓜仔鯧,刺鯧",魚貝類,95,18.8,1.6,0.1
J0415101,刺鯧(含皮),"肉魚,肉鯽仔,土肉,肉鯽,瓜仔鯧,刺鯧",魚貝類,155,17.8,8.7,0
J0415201,星斑真鯧,"(市售稱""花鯧"")",魚貝類,214,15.6,16.3,0
J04153,銀鯧平均值(去皮),"白(正/暗)鯧,白鯧魚,鯧仔魚,黑鰭,車片魚",魚貝類,115,17.7,4.4,0.2
J0415301,銀鯧(2月),"白鯧,正鯧,銀鯧,支子",魚貝類,123,17.9,5.1,0
J0415302,銀鯧(3月),"白鯧,正鯧,銀鯧,支子",魚貝類,120,17.6,5,0.7
J0415303,銀鯧(5月),"白鯧,正鯧,銀鯧,支子",魚貝類,105,16.4,3.9,0
J0415304,銀鯧(8月),"白鯧,正鯧,銀鯧,支子",魚貝類,101,17.7,2.9,1.6
J0415305,銀鯧(12月),"白鯧,正鯧,銀鯧,支子",魚貝類,126,19.1,5,0.2
J0415401,銀鯧(含皮),"白鯧,正鯧,銀鯧,支子",魚貝類,124,16.8,5.8,1.1
J0415501,斑鱧,"鮕鮘,雷魚,南鱧,臺灣雷魚,臺灣魚虎",魚貝類,119,18.3,4.5,0
J0415601,大口鰜切片(含皮),"咬龍狗,左口,扁魚,皇帝魚,比目魚,咬網狗/肉瞇仔(澎湖)",魚貝類,166,14.7,11.5,0
J0415701,鰈魚切片,大比目魚(扁鱈),魚貝類,201,13.2,16.1,0
J0415801,雙線鬚鰨,"牛舌,龍舌,扁魚,皇帝魚,比目魚",魚貝類,92,19.9,0.8,0.3
J0415901,單角革單棘魨(去皮),"白達仔,一角剝,薄葉剝,光復魚,剝皮魚,狄仔魚(興達),掃帚",魚貝類,79,17.2,0.6,0
J0416001,單角革單棘魨(含皮),"白達仔,一角剝,薄葉剝,光復魚,剝皮魚,狄仔魚(興達),掃帚",魚貝類,76,17.9,0,0
J0416101,克氏兔頭魨,"鯖河魨,煙仔規,黃魚規,烏魚規,青皮魚規,金紙規,規仔,金規(澎湖)",魚貝類,77,17.8,0.1,0
J0416201,翻車魨腹肉,"翻車魚,蜇魴,蜇魚,海蟲(澎湖),曼波(成功)",魚貝類,47,10.2,0.4,0.7
J0416301,犬牙南極魚切片,"南極鱈,美露鱈,黑狗鱈,智利海鱸(圓鱈)",魚貝類,282,12.1,25.5,0
J0416401,低眼無齒芒魚片(芒加魚邊),,魚貝類,76,14.2,1.7,0
J0416501,秋刀魚,"竹刀魚,山瑪魚",魚貝類,277,18.8,21.8,4.1
J0416601,毛鱗魚,"喜相逢,多春魚,樺太柳葉魚（日文）",魚貝類,145,14.1,9.4,0.4
J0600101,圓鱈魚鰓肉,,魚貝類,84,14.5,2.5,3.9
J0600201,鯛魚下巴,鯛魚喉,魚貝類,245,16.1,19.6,0
J0600301,鯊魚翅,魚翅,魚貝類,186,43.5,0,0
J0600401,魚翅唇,,魚貝類,47,9.9,0.6,0
J0600501,翻車魨魚皮,"曼波魚皮,翻車魚皮",魚貝類,28,6.5,0,0
J0600601,鯊魚皮,,魚貝類,54,12.4,0.2,0
J0600701,魚漿(旗魚),,魚貝類,110,16.8,1.3,7.8
J0700301,鮸魚卵(加工),,魚貝類,184,21.9,10.1,3.6
J0700401,鯔魚卵,烏魚卵,魚貝類,256,26.3,15.9,3.2
J0700601,鰆魚卵,土魠魚卵,魚貝類,193,23.5,10.2,0.2
J0700701,鰹魚卵,,魚貝類,184,21.5,10.2,0.6
J0702101,鯔魚精囊,鯔(烏)魚鰾(膘),魚貝類,89,17.3,1.7,0
J0705101,鮟鱇魚肝,,魚貝類,136,13.6,8.6,1.9
J0707101,旗魚肚,,魚貝類,99,22.5,0.4,2.9
J0707201,鮪魚肚,,魚貝類,106,23.4,0.7,0
J0800101,小魚干,,魚貝類,335,69.2,4.4,0
J0800201,扁魚干,,魚貝類,354,66.3,7.9,1.1
J0800401,柴魚片,,魚貝類,383,76.5,6.2,2.6
J2100101,羅氏沼蝦,"泰國蝦,泰國長臂大蝦,淡水長臂大蝦",魚貝類,88,20.3,0.2,0.2
J2100201,北方長額蝦(加工),"北極蝦,北極甜蝦,冷水蝦",魚貝類,122,19.9,4.1,2.7
J2100301,東方異腕蝦,"米諾蝦,鐵甲蝦,蝦母,大頭蝦",魚貝類,78,17.7,0.3,0
J2100401,胭脂蝦,"文蝦(""葉狀擬鬚蝦或雄壯鬚蝦"")",魚貝類,114,13.8,6.1,0.7
J2100501,日本玻璃蝦,"水晶蝦,白丁",魚貝類,83,16.2,1.5,2
J2100601,相模後海螯蝦,"相模角蝦,小龍蝦,鐵甲蝦,角蝦,蝦猴",魚貝類,79,17.9,0.3,0
J2100701,中國對蝦,對蝦;明蝦;大蝦;黃蝦;青蝦;大正蝦,魚貝類,84,19.3,0.2,1
J21008,日本對蝦平均值,"斑節蝦,雷公蝦,明蝦,九節蝦",魚貝類,97,21.3,0.7,0.4
J2100801,日本對蝦(大),"斑節蝦,雷公蝦,明蝦,九節蝦",魚貝類,97,21.6,0.5,0
J2100802,日本對蝦(小),"斑節蝦,雷公蝦,明蝦,九節蝦",魚貝類,96,20.9,0.8,1.8
J21009,白對蝦平均值,"南美白蝦,美洲白蝦,南美白對蝦,白蝦",魚貝類,99,21.3,0.9,0
J2100901,白對蝦(大),"南美白蝦,美洲白蝦,南美白對蝦,白蝦",魚貝類,109,22.3,1.5,0
J2100902,白對蝦(小),"南美白蝦,美洲白蝦,南美白對蝦,白蝦",魚貝類,96,21.4,0.5,0
J2100903,白對蝦(小)(2022年取樣),"南美白蝦,美洲白蝦,南美白對蝦,白蝦",魚貝類,93,20.3,0.7,1.3
J2101001,哈氏彷對蝦,"長角仿對蝦,劍蝦,紅(正)劍,硬槍蝦",魚貝類,82,18.7,0.2,0.6
J2101101,草對蝦,草蝦;烏斑節仔,魚貝類,100,22,0.7,1
J2101201,藍對蝦,藍蝦,魚貝類,95,20.9,0.6,0
J2101301,鬚赤蝦,"鬚赤對蝦,厚殼蝦(仔),火燒蝦,狗蝦,大厚殼",魚貝類,92,20.7,0.4,0.6
J2101401,大管鞭蝦,"憂鬱管鞭蝦,大頭紅蝦,大頭蝦,紅中蝦,蔥頭蝦",魚貝類,88,19.8,0.3,0.6
J2101501,隆脊管鞭蝦,"大頭紅蝦,大頭蝦,紅蝦,蔥頭蝦",魚貝類,96,22.1,0.2,0.6
J2101601,螳螂蝦,"蝦蛄,蝦猴,蝦姑仔,攋尿蝦(常誤寫為瀨或賴)",魚貝類,67,14.7,0.5,0
J2101701,日本龍蝦,龍蝦;台灣龍蝦;紅腳蝦;紅殼仔;正龍蝦;紅龍蝦,魚貝類,93,21.5,0.1,1
J2101801,正櫻蝦(生),"櫻花蝦,花殼仔,櫻桃蝦,玫瑰蝦,火焰蝦",魚貝類,88,17.9,1.3,0
J2101901,正櫻蝦(熟),"櫻花蝦,花殼仔,櫻桃蝦,玫瑰蝦,火焰蝦",魚貝類,97,19.6,1.4,0
J2102001,正櫻蝦乾,"櫻花蝦,花殼仔,櫻桃蝦,玫瑰蝦,火焰蝦",魚貝類,253,52.6,3.1,13.4
J2200101,大頭蝦仁,,魚貝類,40,8.8,0.2,0
J2200201,明蝦仁,,魚貝類,52,11.9,0.1,0
J2200301,紅蝦仁,,魚貝類,43,9.5,0.3,1.5
J2200401,海鱸蝦仁,,魚貝類,73,16.3,0.4,1.3
J2200501,草蝦仁,,魚貝類,44,9.7,0.3,0.9
J2200601,鳳尾蝦仁,,魚貝類,64,13.4,0.8,0.3
J2200701,鬚赤蝦仁,火燒蝦仁,魚貝類,80,17.1,0.7,0
J2300101,蝦皮,,魚貝類,155,33.6,1.3,2.7
J2300201,蝦米,,魚貝類,264,57.1,2.2,0
J2300301,金鉤蝦乾,"海米,扁米,開洋",魚貝類,257,54.6,2.6,0
J2500101,紅蟳,"青蟳(蟹)(交配後卵巢成熟雌蟹),菜蟳",魚貝類,122,20.9,3.6,6.5
J2500201,蛙形蟹,"旭蟹,蝦姑頭,候貝切,紅面猴,海臭蟲,西姑麻",魚貝類,72,16.6,0.1,2.8
J2600101,蟹腳肉,,魚貝類,53,11.6,0.3,1.2
J3100101,竹蟶(冷凍),"竹蛤,竹蚶,蟶仔,竹節蟶",魚貝類,42,9,0.3,1.2
J31002,真牡蠣平均值,"正(大/長/鑄大)牡蠣,正(青)蚵,蚵仔,蚵,蠔",魚貝類,54,9.4,1.6,4.2
J3100201,真牡蠣,"正(大/長/鑄大)牡蠣,正(青)蚵,蚵仔,蚵,蠔",魚貝類,49,9,1.2,1.8
J3100202,帶殼真牡蠣(生蠔),"正(大/長/鑄大)牡蠣,正(青)蚵,蚵仔,蚵,蠔",魚貝類,59,9.8,1.9,6.7
J3100301,黑齒牡蠣,石蚵,魚貝類,55,9.7,1.5,3.1
J3100401,蝦夷海扇蛤,"扇貝,立帆蛤,帆立貝",魚貝類,70,13.7,1.2,2.3
J3100501,綠殼菜蛤,"孔雀蛤,淡菜,翡翠貽貝",魚貝類,96,17.8,2.2,2.6
J3100601,綠殼菜蛤干,"孔雀蛤干,淡菜干,翡翠貽貝干",魚貝類,263,43.7,8.5,23.9
J3100701,西施舌,"紫貝,西肚舌,西刀舌(蚶),紫晃肉,雙線血蚶,獅刀舌,西施貝",魚貝類,53,8.9,1.6,5.4
J3100801,台灣蜆,"蜆(蜊/拉)仔,河蜆",魚貝類,51,8.9,1.4,9.8
J3100901,大文蛤,"文蛤,普通文蛤",魚貝類,21,4.4,0.2,1.5
J3101001,文蛤,"粉蟯,蚶仔,麗文蛤,普通文蛤",魚貝類,37,7.6,0.5,2.7
J3101101,波紋橫簾蛤,"波紋巴非蛤,山瓜仔(子),海瓜仔(子)",魚貝類,48,9.2,1,4.6
J3101201,菲律賓簾蛤,"菲律賓蛤仔,海瓜子(仔)蛤,花蛤",魚貝類,37,7.5,0.5,4.1
J3101301,環文蛤,"赤嘴蛤,赤嘴仔,青蛤,海蜆,公代",魚貝類,46,8.7,1,3.7
J3200101,干貝(冷凍),"元貝,瑤柱",魚貝類,57,12.7,0.4,1.7
J32002,干貝(乾)平均值,,魚貝類,242,53.7,1.4,10.8
J3200201,干貝(乾),"元貝,瑤柱",魚貝類,256,58.5,0.7,15.5
J3200202,珠貝(乾),珍珠干貝,魚貝類,228,48.9,2.2,6.1
J3300101,牡蠣干,蚵干,魚貝類,243,41,7.5,26.2
J35001,真烏賊平均值,"花枝,墨魚,金烏賊,烏鰂,墨鬥魚",魚貝類,57,12.2,0.6,3.7
J3500101,真烏賊(大),"花枝,墨魚,金烏賊,烏鰂,墨鬥魚",魚貝類,61,13.9,0.3,0.8
J3500102,真烏賊(小),"花枝,墨魚,金烏賊,烏鰂,墨鬥魚",魚貝類,53,10.5,0.9,6.6
J3500201,章魚,"厚嘴仔,石居,八爪魚,坐蛸,石吸,望潮,死牛",魚貝類,61,13,0.6,0.9
J3500301,阿根廷魷,阿根廷滑柔魚,魚貝類,71,12.4,2,0.4
J3500401,泡魷魚,,魚貝類,50,11.3,0.2,3
J3500501,台灣鎖管,"鎖管,小卷",魚貝類,72,16,0.4,1.6
J3500601,尖鎖管,"尖仔鎖管,詩博加槍烏賊,尖仔,小卷(幼體)",魚貝類,100,20.2,1.5,2.4
J3500701,軟翅仔,"萊氏擬烏賊,軟翅鎖管,軟翅(薯/絲),泥障鰂,擬烏賊,柔魚",魚貝類,70,14.7,0.8,0.8
J3500801,香螺,"小天狗剌螺,雪螺",魚貝類,86,19.9,0.1,0
J3500901,象牙鳳螺,"鳳(花/風/皇)螺,象牙螺",魚貝類,78,16.9,0.7,3.6
J3501001,泥螺,黃泥螺,魚貝類,95,21.5,0.3,0.3
J3501101,雪螺,,魚貝類,40,8.9,0.3,0
J3501201,九孔螺,九孔;雜色鮑;石決明,魚貝類,73,15,1,5.8
J3501301,鮑魚,鰒魚;石決明;石決明貝,魚貝類,69,15.8,0.1,9.5
J3501501,蝸牛肉,,魚貝類,78,16.7,0.7,0
J3600101,烏賊精囊,"烏賊鰾(膘),花枝鰾(膘)",魚貝類,43,9.8,0.2,6.4
J3700101,小卷干,鎖管干(乾),魚貝類,246,53.2,2.1,4.7
J4100101,白海參,"海蚯蚓,沙糞",魚貝類,32,7.4,0.1,0
J4100201,仿刺參,刺參,魚貝類,36,8.2,0.1,0.8
J4100301,南美刺參,,魚貝類,52,12,0,0
J4100401,紅海參,,魚貝類,33,7.5,0.1,0
J4100501,黑烏參,,魚貝類,29,6.5,0.1,0
J5100101,海蜇皮,"瑝魚,海蛇,紅(面)蜇,鮓魚",魚貝類,19,4.4,0,2.2
K01001,雞蛋平均值,,蛋類,135,12.7,8.9,1.6
K0100101,雞蛋(白殼),,蛋類,139,12.9,9.2,1.3
K0100102,雞蛋(黃殼),,蛋類,132,12.5,8.6,2
K0100201,土雞蛋,,蛋類,129,12.9,8.1,1.7
K0100202,土雞蛋(2022年取樣),,蛋類,137,12.2,9.3,1.8
K0100301,烏骨雞蛋,,蛋類,160,12.7,11.6,2.4
K0100401,雞蛋(高DHA),,蛋類,132,12.5,8.6,1.8
K0100501,雞蛋(高次亞麻油酸),,蛋類,139,12.4,9.4,2.8
K0100601,雞蛋(高亞麻油酸),,蛋類,133,13,8.4,0.8
K0100701,初卵雞蛋,,蛋類,136,12.3,9.2,1.4
K0100801,雞蛋(高維生素A&E),,蛋類,134,12.1,9,0
K0100901,雞蛋(高維生素E),,蛋類,143,12.8,9.7,1.4
K01061,雞蛋白平均值,,蛋類,50,11.2,0.1,0.5
K0106101,雞蛋白(白殼),,蛋類,48,10.7,0.1,0
K0106102,雞蛋白(黃殼),,蛋類,52,11.6,0.2,1.2
K0106201,烏骨雞蛋白,,蛋類,47,10.6,0,1.7
K01081,雞蛋黃平均值,,蛋類,308,15.2,26.8,3.6
K0108101,雞蛋黃(白殼),,蛋類,330,16,28.9,1.6
K0108102,雞蛋黃(黃殼),,蛋類,286,14.5,24.7,5.6
K0108201,烏骨雞蛋黃,,蛋類,344,15.5,30.6,1.4
K0108301,雞蛋黃(高維生素E),,蛋類,314,16.2,27,5.4
K0110101,溫泉蛋,,蛋類,137,12.9,7.8,3.8
K0111101,雞水煮蛋,,蛋類,144,14,9.2,1.7
K0111601,雞水煮蛋白,,蛋類,61,13.6,0.2,1.5
K0111801,雞水煮蛋黃,,蛋類,343,15.5,30.5,2.9
K01121,茶葉蛋平均值,,蛋類,145,13.7,9.1,2.2
K0112101,茶葉蛋(市售),,蛋類,147,13.5,8.7,3.5
K0112102,茶葉蛋(浸泡隔夜),,蛋類,143,13.8,9.4,0.9
K0112601,茶葉蛋白(浸泡隔夜),,蛋類,54,12.9,0.1,0.4
K0112801,茶葉蛋黃(浸泡隔夜),,蛋類,344,15.7,30.3,2.2
K01131,雞皮蛋平均值,,蛋類,134,12.5,8.1,3
K0113101,雞皮蛋,,蛋類,142,12.8,8.5,3.6
K0113201,土雞皮蛋,,蛋類,127,12.2,7.6,2.3
K01201,滷蛋平均值,,蛋類,184,16.4,11.1,4.6
K0120101,雞滷蛋(市售),,蛋類,191,15.7,11.4,6.4
K0120102,雞滷蛋(現煮),,蛋類,178,16.6,11.1,3.1
K0120103,雞滷蛋(浸泡隔夜),,蛋類,182,16.9,10.8,4.4
K01206,滷蛋白平均值,,蛋類,87,16.7,0.2,4.6
K0120601,雞滷蛋白(現煮),,蛋類,84,16.6,0.2,3.9
K0120602,雞滷蛋白(浸泡隔夜),,蛋類,89,16.7,0.2,5.2
K01208,滷蛋黃平均值,,蛋類,379,17,33.7,1.9
K0120801,雞滷蛋黃(現煮),,蛋類,376,16.6,33.8,1.3
K0120802,雞滷蛋黃(浸泡隔夜),,蛋類,382,17.4,33.6,2.6
K0121101,雞鐵蛋,,蛋類,288,26.6,17.5,5.9
K0122101,雞水波蛋,(不帶殼水煮蛋),蛋類,147,11.6,10.7,0.8
K0123101,荷包蛋(不加油),,蛋類,162,14,11.2,1.4
K0123201,荷包蛋(加油1小匙),,蛋類,192,13,14.9,1.6
K0150101,煎蛋(不加油),,蛋類,161,13.5,11.3,4.9
K0150201,炒蛋(加油3大匙),,蛋類,215,12.9,16.1,4.6
K01503,蒸蛋平均值,,蛋類,64,5.3,4.6,2.2
K0150301,蒸蛋(市售),芙蓉豆腐,蛋類,32,3.6,1.8,3.4
K0150302,蒸蛋(微波爐),,蛋類,82,6.4,6,1.8
K0150303,蒸蛋(電鍋),,蛋類,80,5.8,6,1.3
K0200101,鴨蛋,,蛋類,187,13.1,14.4,0.2
K0200201,紅面番鴨蛋,,蛋類,198,13.1,15.6,0
K0206101,鴨蛋白,,蛋類,47,10.8,0,1.4
K0208101,鴨蛋黃,,蛋類,347,15.8,30.8,2
K0213101,鴨皮蛋,,蛋類,164,12.8,11.4,2.7
K02141,鴨鹹蛋平均值,,蛋類,185,13.3,14.1,1.1
K0214101,鴨生鹹蛋,,蛋類,178,12.5,14.7,0
K0214102,鴨熟鹹蛋,,蛋類,183,13.7,13.8,0.8
K0214103,鴨熟鹹蛋(薄鹽),,蛋類,194,13.7,13.8,3.5
K0214801,鴨鹹蛋黃,,蛋類,528,23.6,47.6,1.3
K0300101,鵪鶉蛋,鳥蛋,蛋類,172,12.7,13,1.2
K0311101,鵪鶉水煮蛋,鳥蛋,蛋類,163,12.3,12.1,0
K0313101,鵪鶉皮蛋,鳥蛋,蛋類,160,13.8,10.9,1.8
K0314101,鵪鶉鹹蛋,鳥蛋,蛋類,173,13.7,12.3,1.9
K0320101,鵪鶉滷蛋,鳥蛋,蛋類,238,16.2,14.3,11.1
K0321101,鵪鶉鐵蛋,鳥蛋,蛋類,439,28.8,26.9,20.4
K0400101,鴿蛋,鳥蛋,蛋類,96,10.2,5.7,2.5
K0500102,鵝蛋,,蛋類,179,10,15,3.2
L0100101,高脂鮮乳,"牛乳,牛奶",乳品類,73,3.2,4,6.1
L01021,全脂鮮乳平均值,"牛乳,牛奶",乳品類,63,3.1,3.6,4.8
L0102101,全脂鮮乳(1月取樣),"牛乳,牛奶",乳品類,62,2.9,3.6,4.7
L0102102,全脂鮮乳(4月取樣),"牛乳,牛奶",乳品類,62,2.9,3.6,4.6
L0102103,全脂鮮乳(6月取樣),"牛乳,牛奶",乳品類,63,3.2,3.6,4.6
L0102104,全脂鮮乳(9月取樣),"牛乳,牛奶",乳品類,64,2.8,3.6,5.3
L0102105,全脂鮮乳(10月取樣),"牛乳,牛奶",乳品類,64,3,3.7,4.8
L0102106,全脂鮮乳(11月取樣),"牛乳,牛奶",乳品類,62,3.1,3.5,4.6
L0102107,全脂鮮乳(12月取樣),"牛乳,牛奶",乳品類,64,3.2,3.4,5.2
L0102108,全脂鮮乳(7月取樣),"牛乳,牛奶",乳品類,65,3.7,3.7,4.2
L0104101,中脂鮮乳,"牛乳,牛奶",乳品類,48,3.1,1.9,4.8
L0106101,低脂鮮乳,"牛乳,牛奶",乳品類,43,3.3,1.1,5
L0110101,高脂強化鮮乳(鈣強化),"牛乳,牛奶",乳品類,68,3.2,3.9,5.2
L0110201,高脂強化鮮乳(寡醣強化),"牛乳,牛奶",乳品類,69,3.2,4.1,5.1
L0114101,中脂強化鮮乳(脂肪酸調整),"牛乳,牛奶",乳品類,59,2,2,8.6
L0116101,低脂強化鮮乳(維生素E強化),"牛乳,牛奶",乳品類,41,3,1.3,4.2
L0116201,低脂強化鮮乳(寡醣強化),"牛乳,牛奶",乳品類,46,3.1,1.3,5.5
L0118101,脫脂強化鮮乳(鈣強化),"牛乳,牛奶",乳品類,42,3.5,0.3,6.3
L0118201,脫脂強化鮮乳(寡醣強化),"牛乳,牛奶",乳品類,36,3.1,0.4,5.2
L0118301,脫脂強化鮮乳(鐵強化),"牛乳,牛奶",乳品類,41,4.2,0.2,5.6
L0124101,中脂調味乳(巧克力),"牛乳,牛奶",乳品類,63,1.9,2,9.2
L0124201,中脂調味乳(多穀類),"牛乳,牛奶",乳品類,67,2.4,3.1,7.6
L0124301,中脂調味乳(果汁),"牛乳,牛奶",乳品類,54,1.6,1.6,8.4
L0124401,中脂調味乳(鈣強化),"牛乳,牛奶",乳品類,68,2.3,2.6,8.9
L0124501,中脂調味乳(維生素強化),"牛乳,牛奶",乳品類,60,2,1.9,8.6
L0124601,中脂調味乳(纖維&維生素E強化),"牛乳,牛奶",乳品類,66,2.4,2.1,9.3
L0126101,低脂調味乳(木瓜),"牛乳,牛奶",乳品類,61,1.8,1.3,10.5
L0130101,高脂保久乳,"牛乳,牛奶",乳品類,71,3.1,5.1,3.4
L0132101,全脂保久乳,"牛乳,牛奶",乳品類,62,3,3.4,5.1
L0134101,中脂保久乳,"牛乳,牛奶",乳品類,48,3.2,1.8,4.8
L0146101,低脂強化保久乳(寡糖強化),"牛乳,牛奶",乳品類,46,3.2,1,6
L0154101,中脂調味保久乳(巧克力),"牛乳,牛奶",乳品類,60,1.9,1.7,9.3
L0154201,中脂調味保久乳(布丁),"牛乳,牛奶",乳品類,61,1.6,1.7,9.8
L0200101,全脂奶粉,乳粉,乳品類,504,26.4,28.2,37
L0204101,部份脫脂奶粉,乳粉,乳品類,420,32.8,11.6,46.1
L0204201,部份脫脂奶粉(即溶),乳粉,乳品類,445,23.7,16.4,51.6
L0204301,部份脫脂低乳糖奶粉,乳粉,乳品類,416,34.6,10.4,45.6
L0207101,脫脂奶粉,乳粉,乳品類,361,36.2,0.9,51.2
L0207201,脫脂奶粉(即溶),乳粉,乳品類,360,38,1,48.8
L0211101,全脂強化奶粉(纖維強化),乳粉,乳品類,500,25.6,27,39.5
L0214101,部份脫脂強化奶粉(鈣強化),乳粉,乳品類,408,25,11.8,51
L0214201,部份脫脂強化奶粉(纖維&DHA強化),乳粉,乳品類,476,23.2,22.1,47.3
L0214301,部份脫脂強化奶粉(纖維&鈣強化),乳粉,乳品類,375,35.9,3.7,48.9
L0214401,部份脫脂強化奶粉(脂肪酸調整),乳粉,乳品類,481,22.7,23.5,45.9
L0217101,脫脂強化奶粉(抗氧化),乳粉,乳品類,366,32.3,1,56.6
L0217201,脫脂強化奶粉(鈣&維生素A強化),乳粉,乳品類,360,38,1,48.8
L0217301,"脫脂強化奶粉(鈣&維生素C,E強化)",乳粉,乳品類,360,32.8,0.7,55.4
L0217401,脫脂強化奶粉(鈣&鐵強化),乳粉,乳品類,360,35.6,0.7,52.3
L0224101,部份脫脂調味奶粉(巧克力),乳粉,乳品類,406,14.1,6.9,71.9
L0224201,部份脫脂調味奶粉(果汁),乳粉,乳品類,435,19.8,12.3,61.4
L0308101,脫脂稀釋發酵乳,活菌乳酸飲料,乳品類,68,1.1,0.1,15.8
L0308201,脫脂稀釋發酵乳(鈣強化),活菌乳酸飲料,乳品類,72,1,0.1,16.9
L0312101,全脂濃稠發酵乳,優酪乳,乳品類,90,4.1,3.2,11.3
L0314101,中脂濃稠發酵乳,優酪乳,乳品類,82,2.9,2.3,12.6
L0314201,中脂濃稠發酵乳(無糖&纖維強化),優酪乳,乳品類,74,3.2,2.2,10.4
L0314301,中脂濃稠發酵乳(草莓),優酪乳,乳品類,89,3.1,2.7,13
L0316101,低脂濃稠發酵乳,優酪乳,乳品類,73,2.3,1.1,13.6
L0318101,脫脂濃稠發酵乳,優酪乳,乳品類,64,3,0.4,12.1
L0318201,脫脂濃稠發酵乳(低熱量),優酪乳,乳品類,37,2,0.1,6.9
L0318301,脫脂濃稠發酵乳(草莓),優酪乳,乳品類,68,2.3,0.4,13.8
L0318401,脫脂濃稠發酵乳(啤酒酵母),優酪乳,乳品類,34,2.1,0.1,6.4
L0320101,高脂凝態發酵乳(纖維強化),優格,乳品類,95,3.2,3.8,11.9
L0322101,全脂凝態發酵乳,優格,乳品類,97,3.1,3.3,13.6
L0324101,中脂凝態發酵乳(草莓),優格,乳品類,102,3.7,2.7,15.7
L0324201,中脂凝態發酵乳(蘆薈),優格,乳品類,90,1.7,2.5,15.1
L0328101,脫脂凝態發酵乳(纖維強化),優格,乳品類,84,4.1,0.5,15.9
L0338101,脫脂保久稀釋發酵乳,乳酸飲料,乳品類,46,0.1,0.1,11
L0348101,脫脂保久濃稠發酵乳(草莓&蘋果),保久優酪乳,乳品類,68,3,0.2,13.6
L0400101,淡煉乳,"蒸發乳,奶水",乳品類,137,6.5,8.3,9.1
L0400201,加糖部份脫脂煉乳,,乳品類,325,7.5,7.8,56.2
L0500101,切片乾酪,"起司,芝士(市售亦稱""乳酪"")",乳品類,309,18.3,23.7,5.9
L0500201,切片乾酪(低脂),"起司,芝士(市售亦稱""乳酪"")",乳品類,241,21.7,13,8.8
L0500301,刨絲乾酪,"起司,芝士(市售亦稱""乳酪"")",乳品類,323,25.1,22.6,4.4
L0500401,乾酪粉,"起司粉,芝士粉(市售亦稱""乳酪粉"")",乳品類,480,40.4,34,3.1
L1000101,鮮奶可可,"巧克力牛奶,阿華田拿鐵",乳品類,80,2.1,2.7,11.6
L1000201,木瓜牛奶,,乳品類,42,1.7,0.6,7.7
L1100101,高脂鮮羊乳,羊奶,乳品類,65,3.4,4,4.2
L1104101,中脂鮮羊乳,羊奶,乳品類,48,2.7,2.4,3.9
L1132101,保久羊乳,羊奶,乳品類,59,3,3.3,4.5
L1154101,中脂調味保久羊乳(巧克力),羊奶,乳品類,59,1.1,1.5,10.3
L1154201,中脂調味保久羊乳(果汁),羊奶,乳品類,75,2.9,2.8,9.5
L1200101,全脂羊奶粉,羊乳粉,乳品類,510,26.7,29.8,34.8
L1200201,全脂羊奶粉(即溶),羊乳粉,乳品類,517,25.9,30.8,35.1
M0100101,牛油(未精煉),,油脂類,642,0,71.9,4.2
M0100201,牛油(精煉),,油脂類,885,0,99.1,0.6
M0200101,豬油,,油脂類,890,0,99.7,0
M0200102,豬油(2022年取樣),,油脂類,892,0,99.9,0
M0200201,高油酸豬油,,油脂類,893,0,100,0
M0300101,雞油,,油脂類,891,0,99.8,0
M0900101,"奶油(固態,不加鹽)","動物性奶油(CNS命名""乳酪"")",油脂類,733,0.6,82.7,0.9
M0900201,"奶油(固態,加鹽)","動物性奶油(CNS命名""乳酪"")",油脂類,699,0.7,77.5,3.7
M0900301,奶油(液態),"動物性奶油,鮮奶油(CNS命名""乳油"")",油脂類,340,2,39.1,0
M1000101,人造奶油(維生素強化),植物性奶油,油脂類,725,0.1,82,0
M1000102,人造奶油(2021年取樣),乳瑪琳,油脂類,722,0.1,81.7,1.7
M1000201,中脂人造奶油,植物性奶油,油脂類,674,0,76.2,1.3
M1000301,人造奶油(低熱量),,油脂類,94,2.5,10.6,29.6
M1100101,大豆油,"黃豆油,沙拉油",油脂類,884,0,100,0
M1100201,大豆油(卵磷脂強化),,油脂類,880,0,99.6,0
M1100301,大豆油(多種維生素強化),沙拉油,油脂類,883,0,99.9,0
M1200101,玉米油,"粟米油,玉米胚芽油",油脂類,883,0,99.8,0.1
M1300101,米油(秈米),"米糠油,玄米油,胚芽米油",油脂類,883,0.1,99.9,0
M1300201,米油(粳米),"米糠油,玄米油,胚芽米油",油脂類,883,0,99.9,0
M1400101,亞麻仁油,,油脂類,820,0.2,92.8,6.9
M1500101,白芝麻油,,油脂類,884,0.1,100,0
M1500201,黑芝麻油,,油脂類,881,0.1,99.7,0.2
M1550101,調合芝麻油,,油脂類,884,0.1,100,0
M1600101,花生油,,油脂類,883,0,99.9,0
M1650101,調合花生油,,油脂類,884,0,100,0
M1700101,油菜籽油,,油脂類,883,0,99.9,0
M1800101,芥花油,"芥花籽油,菜籽油",油脂類,883,0,99.9,0
M1900101,南瓜籽油,,油脂類,883,0,99.9,0
M2000101,紅花籽油,,油脂類,884,0,100,0
M2000201,高油酸紅花籽油,,油脂類,880,0,99.6,0.4
M2100101,核桃油,,油脂類,883,0,99.9,0
M2200101,油茶油,"苦茶(籽)油,山茶油,天綠果油,大果種油茶油",油脂類,883,0,99.9,0
M2200201,熟油茶油,"苦茶(籽)油,山茶油,天綠果油,大果種油茶油",油脂類,883,0,99.9,0
M2300101,高油酸棕櫚油,,油脂類,883,0,99.9,0
M2400101,椰子油,,油脂類,883,0,99.9,0
M2500101,葵花籽油,,油脂類,884,0,100,0
M2500201,葵花籽油(多種維生素強化),,油脂類,883,0,99.9,0
M2500301,高油酸葵花籽油,,油脂類,883,0,99.9,0
M2600101,葡萄籽油,,油脂類,884,0,100,0
M2700101,橄欖油,,油脂類,884,0,100,0
M9900101,烤酥油,,油脂類,883,0,99.9,0
M9900201,調合植物油,蔬菜油,油脂類,887,0,100.3,0
M9900301,中鏈脂肪酸油,,油脂類,883,0,99.9,0
N0100101,方糖,,糖類,385,,,99.6
N0100201,冰糖,,糖類,387,,,99.9
N0100301,紅砂糖,紅糖,糖類,384,0,0.5,99.3
N0100401,黑砂糖,黑糖,糖類,369,0.5,0.7,95.3
N0200101,麥芽糖,,糖類,325,,,84.1
N0300101,果糖,高果糖糖漿,糖類,297,,,76.9
N0400101,果寡糖,,糖類,300,,,77.5
N0600101,楓糖,,糖類,258,0.1,0.1,66.6
N0700101,蜂蜜(冬蜜),,糖類,315,0.1,0.1,81.5
N0700201,蜂蜜(春蜜),,糖類,308,0.2,0.2,79.6
N0800101,黑糖蜜,,糖類,280,0.2,0,72.4
N0900101,冬瓜糖磚,,糖類,360,,,93.1
O0100101,西瓜汁(非原汁),,飲料類,30,1.1,0.1,6.1
O0100201,芭樂汁(非原汁),,飲料類,45,0.2,0.1,11
O0100301,柳橙汁(非原汁),,飲料類,50,0.1,0.1,12.3
O0100401,柳橙汁(100%),,飲料類,48,0.6,0.3,10.7
O0100501,烏梅汁,,飲料類,58,0.3,0.2,13.8
O0100601,黑棗茶,,飲料類,46,0,,11.6
O0100701,楊桃汁(非原汁),,飲料類,49,0,0.1,12
O0100801,葡萄柚汁(非原汁),,飲料類,41,0.2,0.2,9.7
O0100901,鳳梨汁(非原汁),,飲料類,48,0.3,0.2,11.3
O0101001,蔓越莓汁(非原汁),,飲料類,45,0.9,0.1,10
O0101101,檸檬汁(非原汁),,飲料類,33,0.8,0.1,7.1
O0101201,蘋果汁(非原汁),,飲料類,47,0.1,0.4,10.9
O0101301,蘋果汁(100%),,飲料類,51,0.1,0.2,12.2
O0200101,蕃茄汁(非原汁),,飲料類,22,0.7,0.2,4.4
O0200201,仙草蜜,,飲料類,35,0,0,8.8
O0200301,薑母茶,,飲料類,28,,,7
O0200401,蘆薈露飲料,,飲料類,44,0,,10.9
O0200501,黑豆茶,,飲料類,13,,,3.2
O0200601,龜苓茶,,飲料類,33,0,0,8.3
O0200701,麥茶,,飲料類,18,,,4.4
O0200801,黑麥汁,,飲料類,52,0.3,0,12.6
O0400101,果汁醋飲料(綜合),,飲料類,37,,,9.3
O0600101,可樂,,飲料類,51,,,12.8
O0600201,可樂(低熱量),,飲料類,1,,,0.3
O0600301,沙士,,飲料類,37,,,9.2
O0600401,加鹽沙士,,飲料類,41,0.8,0,9.4
O0600501,沙士(低糖),,飲料類,43,0,0,10.9
O0600601,汽水(綜合口味),,飲料類,42,,,10.6
O0600701,汽水(維生素強化),,飲料類,46,,,11.5
O0700101,美式咖啡(無糖),,飲料類,2,0.2,0.1,0.3
O0700201,無糖咖啡飲料,,飲料類,4,0.2,0.1,0.5
O0700301,拿鐵咖啡(無糖),咖啡牛奶,飲料類,43,3,2,3.4
O0700401,咖啡(三合一),咖啡牛奶,飲料類,39,0.9,0.4,8.2
O0700501,紅茶茶湯,,飲料類,0,0.1,,0
O0700601,紅茶(大麥),,飲料類,34,0,,8.6
O0700701,紅茶(蘋果),水果茶,飲料類,37,0,,9.2
O0700801,烏龍茶茶湯,,飲料類,0,0,,0
O0700901,烏龍茶,,飲料類,0,0.1,,0.1
O0701001,"烏龍茶(去冰,微糖)",,飲料類,16,0.1,0,3.8
O0701101,"烏龍茶(去冰,半糖)",,飲料類,21,0.1,0,5.2
O0701201,"烏龍茶(去冰,全糖)",,飲料類,36,0.1,0,8.8
O0701301,綠茶茶湯,,飲料類,0,0.1,,0
O0701401,綠茶,,飲料類,22,0,,5.4
O0701501,鮮奶茶(無糖),紅茶拿鐵,飲料類,27,2,1.4,1.4
O0701601,奶茶(三合一),,飲料類,42,0.5,0.3,9.5
O0701701,"烏龍奶茶(去冰,微糖)",,飲料類,59,0.2,2.9,8.1
O0701801,"烏龍奶茶(去冰,半糖)",,飲料類,62,0.2,2.6,9.6
O0701901,"烏龍奶茶(去冰,全糖)",,飲料類,75,0.2,2.8,12.3
O0702001,"珍珠奶茶(去冰,微糖)",,飲料類,75,0.2,2.3,13.5
O0702101,"珍珠奶茶(去冰,半糖)",,飲料類,84,0.2,2.7,14.5
O0702201,"珍珠奶茶(去冰,全糖)",,飲料類,94,0.2,2.4,17.9
O0702301,奶茶沖泡包(三合一),,飲料類,452,1.7,12.9,82.3
O0702401,茉莉花茶湯,香片,飲料類,0,0.1,,0
O0702501,茉莉花茶,,飲料類,28,0.1,,7.1
O0702601,菊花茶,,飲料類,30,0,,7.4
O0702701,多多綠茶(全糖),,飲料類,49,1.1,0.1,11
O0702801,冬瓜茶,,飲料類,33,0,,8.3
O0702901,乳酸飲料,,飲料類,45,0.2,0,11
O0703001,維生素強化飲料(胡蘿蔔素),,飲料類,39,0,,9.9
O0703101,維生素強化飲料(綜合),,飲料類,54,0.2,,13.4
O0703201,維生素強化飲料(維生素C),,飲料類,57,,,14.3
O0703301,運動飲料,,飲料類,28,0.1,,7
O0703401,米醋飲料,,飲料類,52,,,13
O0900101,即溶咖啡粉,,飲料類,363,16.6,1.3,71.2
O0900201,咖啡沖泡包(二合一),,飲料類,491,6.8,23.3,63.6
O0900301,咖啡沖泡包(三合一),,飲料類,437,4.8,9.5,83
O0900401,紅茶沖泡包(檸檬),,飲料類,398,,,99.5
O0901501,薑茶沖泡包,,飲料類,399,0.3,0.3,98.7
O0901601,抹茶粉,綠茶粉,飲料類,361,23.4,6.4,63
O0901701,可可粉,,飲料類,464,20.8,22.8,43.8
O0901801,小麥草粉,小麥苗粉,飲料類,370,34,7.4,41.9
O9900301,椰奶,,飲料類,49,0.2,2.1,7.4
P0100101,八角,"大茴,茴香",調味料及香辛料類,360,4.9,3.9,76.2
P0100201,小茴香粉,孜然粉,調味料及香辛料類,411,19.5,25.8,37
P0100301,山葵粉,,調味料及香辛料類,387,10.1,6.1,72.9
P0100401,五香粉,,調味料及香辛料類,363,8.7,8.9,68.1
P0100501,甘草粉,,調味料及香辛料類,341,9.2,3.6,73.4
P0100601,肉桂粉,,調味料及香辛料類,343,4.2,2.9,78.8
P0100701,西洋芹菜片,,調味料及香辛料類,315,24.4,6.8,49.9
P0100801,花椒粉,,調味料及香辛料類,369,10,9.2,63.2
P0100901,洋香菜片,,調味料及香辛料類,312,24.4,7.5,47.7
P0101001,洋蔥粉,,調味料及香辛料類,377,8.1,1.8,82.1
P0101101,白胡椒粉,,調味料及香辛料類,342,3.7,1.1,78.8
P0101201,紅胡椒粒,,調味料及香辛料類,376,5.9,13.7,59.3
P0101301,黑胡椒粉,,調味料及香辛料類,372,11.6,6.7,67.7
P0101401,綠胡椒粒,,調味料及香辛料類,379,11.3,7.3,68.4
P0101501,迷迭香粉,,調味料及香辛料類,432,5.9,21.9,59.8
P0101601,荳蔻粉,,調味料及香辛料類,448,6.7,26.2,50.6
P0101701,蒜粉,,調味料及香辛料類,332,18.1,0.4,71.9
P0101801,辣椒粉,,調味料及香辛料類,387,14.7,14.1,59.1
P0101901,薑黃粉,,調味料及香辛料類,358,14.6,2.7,69
P0102001,薑粉,,調味料及香辛料類,333,10.4,3.6,70.5
P0102101,羅勒片,,調味料及香辛料類,289,23.3,5.8,46.1
P0102201,花椒粒,,調味料及香辛料類,359,10.3,12.5,53.6
P0200101,七味唐辛子,,調味料及香辛料類,463,15.8,24.1,45.8
P0200201,沙茶粉,,調味料及香辛料類,507,15,28.8,47
P0200301,豆酥,,調味料及香辛料類,540,30.1,38.1,19.2
P0200401,咖哩粉,,調味料及香辛料類,417,13.9,14.1,58.5
P0200501,咖哩塊,,調味料及香辛料類,515,5.6,34.5,45.4
P0200601,油蔥酥,,調味料及香辛料類,518,7.4,28.8,57.1
P0200701,梅子粉,,調味料及香辛料類,286,2,3.9,60.8
P0200801,椰子粉,,調味料及香辛料類,629,7.2,60.3,27.8
P0200901,蒜頭酥,,調味料及香辛料類,452,11.7,17.8,61.2
P0201001,糖粉,,調味料及香辛料類,399,0,0.2,99.3
P0201101,椰漿,,調味料及香辛料類,208,1.1,23.1,0
P0201201,黃耆水,,調味料及香辛料類,14,0.9,0,2.9
P0201301,黃耆片,,調味料及香辛料類,321,14.9,1.6,68.7
P0201401,陳皮,,調味料及香辛料類,349,6.9,2.4,74.8
P0201501,山楂,,調味料及香辛料類,345,1.9,2.5,78.7
P0300101,岩鹽,,調味料及香辛料類,2,0,0.1,0.4
P0300201,低鈉鹽,,調味料及香辛料類,11,0,0,2.8
P0400101,味精,,調味料及香辛料類,251,44.5,,18.1
P0400201,高鮮味精,,調味料及香辛料類,269,45,,22.3
P0400301,鮮雞精,,調味料及香辛料類,267,10.8,10.1,33.3
P0400401,鰹魚粉,,調味料及香辛料類,240,21.9,1,35.8
P0500101,高湯塊(排骨),,調味料及香辛料類,363,12.5,23.9,24.5
P0500201,高湯塊(雞肉),,調味料及香辛料類,340,14.7,24.8,14.5
P0500301,高湯(豬大骨),,調味料及香辛料類,49,4.2,0.7,6.6
P0500401,低脂高湯,,調味料及香辛料類,2,0.3,0,0.3
P0500501,素食高湯,,調味料及香辛料類,17,0.3,0,4
P0600101,米醋,,調味料及香辛料類,10,,,2.4
P0600201,糯米醋,,調味料及香辛料類,17,0.1,0,4.1
P0600301,高梁醋,,調味料及香辛料類,27,,,6.8
P0600401,薏仁醋,,調味料及香辛料類,13,,,3.3
P0600501,紅醋,紅酢,調味料及香辛料類,5,0.3,0,0.8
P0600601,香醋,,調味料及香辛料類,3,,,0.7
P0600701,烏醋,,調味料及香辛料類,37,0.5,0,8.7
P0600801,素食烏醋,,調味料及香辛料類,42,,,10.4
P0600901,壽司醋,,調味料及香辛料類,181,,,45.2
P0700101,醬油,,調味料及香辛料類,90,7.8,,14.7
P0700201,薏仁醬油,,調味料及香辛料類,83,9.3,,11.5
P0700301,黑豆醬油,"黑豆蔭油,蔭油",調味料及香辛料類,114,7.5,0.2,20.6
P0700401,淡色醬油,,調味料及香辛料類,78,7.1,0.4,11.5
P0700501,薄鹽醬油(低鈉),低鹽醬油,調味料及香辛料類,77,7.4,,11.9
P0700601,薄鹽醬油(低鈉高鉀),,調味料及香辛料類,56,6.5,,7.6
P0700701,醬油膏,,調味料及香辛料類,103,6.8,,19
P0700801,黑豆油膏,蔭油膏,調味料及香辛料類,146,7.8,0.1,28.6
P0700901,薄鹽黑豆醬油膏,,調味料及香辛料類,124,7.6,0.1,23.3
P0800101,味醂,"米醂,米霖",調味料及香辛料類,220,0.5,0,54.5
P0800201,鮮味露,,調味料及香辛料類,75,20.1,0.1,0
P0800301,蠔油,,調味料及香辛料類,156,6.5,0.1,32.2
P0800401,魚露,,調味料及香辛料類,64,10.2,0.2,5.3
P0900101,紅辣椒油,,調味料及香辛料類,899,0,99.8,0.1
P0900201,香油,,調味料及香辛料類,883,,99.9,0
P0900301,蝦油,,調味料及香辛料類,56,7.4,0.1,6.4
P1000101,干貝醬,XO醬,調味料及香辛料類,558,16.7,51,8
P1000201,牛肉醬,,調味料及香辛料類,507,17,38.9,22.2
P1000301,肉燥,,調味料及香辛料類,397,9.5,38.1,4.2
P1000401,素肉燥,,調味料及香辛料類,483,12.4,42.6,12.5
P1000501,義式乳酪醬,,調味料及香辛料類,216,8.8,17,6.9
P1000601,炸醬,,調味料及香辛料類,398,14.6,34.7,6.7
P1000701,素食炸醬,,調味料及香辛料類,391,13.9,35.3,4.5
P1000801,海苔醬,,調味料及香辛料類,223,6.4,0,49.3
P1000901,麻醬,芝麻醬,調味料及香辛料類,643,20.8,52.8,21.3
P1001001,速食乾麵麻醬包,,調味料及香辛料類,676,13.2,64,11.8
P1001101,白醬,,調味料及香辛料類,61,1.2,3.2,6.8
P1001201,青醬,,調味料及香辛料類,83,0.9,5.4,7.7
P1001301,蕃茄義大利麵醬,,調味料及香辛料類,70,3.2,2.5,8.9
P1001401,五味醬,,調味料及香辛料類,140,1.3,0.8,31.9
P1001501,牛排醬,,調味料及香辛料類,130,2.5,0,30.1
P1001601,羊肉爐醬,,調味料及香辛料類,130,7.3,7.2,8.9
P1001701,沙茶醬,,調味料及香辛料類,729,10.2,71.8,10.4
P1001801,素沙茶醬,,調味料及香辛料類,670,7.6,66,11.4
P1001901,黃芥茉醬,,調味料及香辛料類,74,4.1,3.7,6.2
P1002001,山葵醬,芥茉醬,調味料及香辛料類,338,1.1,5.9,70.2
P1002101,金桔醬,,調味料及香辛料類,84,0.5,0.4,19.5
P1002201,海鮮醬,,調味料及香辛料類,228,1.8,2.2,50.3
P1002301,烤肉醬,,調味料及香辛料類,157,5.2,0.8,32.1
P1002401,排骨醬,,調味料及香辛料類,221,2.3,4.4,43.1
P1002501,甜辣醬,,調味料及香辛料類,116,1,0,28.1
P1002601,甜麵醬,,調味料及香辛料類,216,4.5,2.4,44
P1002701,朝鮮醬,,調味料及香辛料類,106,1.6,2.3,19.7
P1002801,黑胡椒醬,,調味料及香辛料類,117,2.5,0.5,25.5
P1002901,日式照燒醬,,調味料及香辛料類,227,3,0.5,52.6
P1003001,蒜蓉醬,,調味料及香辛料類,282,4.2,20,21.2
P1003101,辣蒜蓉醬,,調味料及香辛料類,78,2.3,4.2,7.8
P1003201,辣椒醬,,調味料及香辛料類,83,2.6,2.9,11.5
P1003301,蔥醬,,調味料及香辛料類,149,2.2,6.8,19.5
P1003401,糖醋醬,,調味料及香辛料類,131,1.9,2.6,25.1
P1003501,蕃茄醬,,調味料及香辛料類,114,1.6,0.1,26.7
P1003601,薑蓉醬,,調味料及香辛料類,65,1,2.6,9.4
P1003701,蘑菇醬,,調味料及香辛料類,58,1.5,2.4,7.7
P1003801,米豆醬,,調味料及香辛料類,128,7.4,3,17.9
P1003901,蒜味豆豉醬,,調味料及香辛料類,270,9.5,17,19.7
P1004001,豆酥醬,,調味料及香辛料類,671,12.2,64.5,10.4
P1004101,豆瓣醬,,調味料及香辛料類,178,14.2,8.1,12.2
P1004201,辣豆瓣醬,,調味料及香辛料類,100,4.5,3.3,13.1
P1004301,紅麴醬,,調味料及香辛料類,163,4.6,0.5,35
P1004401,韭花醬,,調味料及香辛料類,29,2.1,0.3,4.5
P1004501,香椿醬,,調味料及香辛料類,507,8.1,51.7,2.3
P1004601,麻婆醬,,調味料及香辛料類,190,2.9,9.5,23.1
P1004701,蝦醬,,調味料及香辛料類,99,19.6,1.7,1.3
P1100101,沙拉醬,,調味料及香辛料類,645,1.9,65.7,11.4
P1100102,沙拉醬(2021年取樣),蛋黃醬,調味料及香辛料類,630,1.9,61.7,16.8
P1100201,無蛋沙拉醬,,調味料及香辛料類,479,1.8,44,19
P1100202,無蛋沙拉醬(2021年取樣),,調味料及香辛料類,631,0.3,59.8,22.9
P1100301,千島沙拉醬,,調味料及香辛料類,515,1,49.3,16.7
P1100401,和風沙拉醬,,調味料及香辛料類,129,2.1,1.7,26.3
P1100501,凱撒沙拉醬,,調味料及香辛料類,337,1.4,29.1,17.3
P1200101,味噌,,調味料及香辛料類,215,10.6,4.5,33.1
P1300101,法式奶酥醬,,調味料及香辛料類,596,6.7,46.5,37.6
P1300201,巧克力醬(液體),,調味料及香辛料類,277,2,0.8,65.4
P1300301,草莓果醬,,調味料及香辛料類,272,0.4,1.2,65
P1300401,葡萄果醬,,調味料及香辛料類,261,0,1.9,60.9
P1300501,柚子果醬,,調味料及香辛料類,268,0.6,0.8,64.5
P1300601,桑葚果醬,,調味料及香辛料類,227,0.9,0.4,54.9
P1300701,白芝麻麵包醬,,調味料及香辛料類,685,20,60.4,15.3
P1300801,黑芝麻麵包醬,,調味料及香辛料類,667,10.6,57.4,27
P1300901,花生醬,,調味料及香辛料類,657,24,54.3,17.9
P1301001,洋蔥麵包醬,,調味料及香辛料類,276,1,26.1,9.5
P1301101,法式香蒜醬,,調味料及香辛料類,791,1.1,85.7,3.8
P1301201,無糖黑芝麻醬,,調味料及香辛料類,612,20.7,56,17.7
P1400101,液體奶精,奶精,調味料及香辛料類,262,3.9,26.3,2.5
P1400102,液體奶精(2021年),奶精,調味料及香辛料類,242,2.2,24,4.2
P1400201,奶精粉,"奶精,植物性奶精",調味料及香辛料類,544,2.2,33,59.5
P1400202,奶精粉(2021年),奶精,調味料及香辛料類,550,2.1,34.6,57.6
P1400301,奶精粉(低脂),"奶精,植物性奶精",調味料及香辛料類,450,2.1,15.7,75.2
P1500101,炸排粉,,調味料及香辛料類,344,11.9,1.8,70
P1500201,炸雞粉,,調味料及香辛料類,333,8.3,1.7,71
P1500301,蒸肉粉(五香),,調味料及香辛料類,350,10.3,1.1,74.8
P1500401,熱狗粉,,調味料及香辛料類,355,8.4,0.9,78.4
P1500501,麵包粉,,調味料及香辛料類,370,14.4,1.5,74.6
P1500601,酵母粉,,調味料及香辛料類,347,46.3,0,40.4
Q0100101,冷藏寧波年糕,,糕餅點心類,220,3.9,0.6,49.7
Q0100201,冷藏甜年糕,,糕餅點心類,242,2.3,0.4,57.2
Q0100301,冷藏廣式芋頭粿,,糕餅點心類,109,2.1,1.6,21.5
Q0100401,冷藏廣式蘿蔔糕,菜頭粿,糕餅點心類,111,2.2,2.3,20.4
Q0100501,包餡甜麻糬(紅豆),,糕餅點心類,329,10,2.9,65.7
Q0200101,鹹麻糬,,糕餅點心類,248,8.7,4.5,43.2
Q0300101,芋仔餅,,糕餅點心類,354,4.6,12.1,56.6
Q0300201,月餅(棗泥),,糕餅點心類,419,6,18.2,57.9
Q0300301,綠豆凸,綠豆椪,糕餅點心類,394,6.9,15.9,55.8
Q0300401,蕃薯餅,,糕餅點心類,331,3.9,10.6,54.9
Q0400101,車輪餅(紅豆),,糕餅點心類,187,2.1,1.1,42.3
Q0400201,車輪餅(菜脯),,糕餅點心類,183,1.4,5.7,31.6
Q0500101,太陽餅,,糕餅點心類,460,5.3,20.5,63.6
Q0500201,牛舌餅,,糕餅點心類,411,5.7,13.2,67.4
Q0500301,蛋黃芋頭酥,,糕餅點心類,217,3.1,3,44.2
Q0500401,蛋黃酥,,糕餅點心類,461,11.4,26.4,44.5
Q0500501,鳳梨酥,,糕餅點心類,484,4.2,24.4,62
Q0500601,蘿蔔酥,,糕餅點心類,427,7.5,20.9,52.3
Q0600701,鳳眼糕,,糕餅點心類,379,3.8,0.8,89
Q0600801,米粩,豬油粩,糕餅點心類,442,2.6,13.7,76.9
Q0700101,可頌,,糕餅點心類,452,7.3,26.1,47.1
Q0700201,泡芙(巧克力),,糕餅點心類,590,10.3,40.4,46.2
Q0700301,蛋塔,,糕餅點心類,376,4.1,21.7,41.1
Q0700401,蛋塔(葡式),,糕餅點心類,375,3.7,25.8,31.9
Q0700501,鬆餅,,糕餅點心類,257,3.2,2.6,55.1
Q0800101,冷凍馬拉糕,,糕餅點心類,320,7.1,12.9,44
Q0800201,銅鑼燒,,糕餅點心類,332,3.4,9.9,57.2
Q0800301,冷凍馬蹄條,,糕餅點心類,194,4.2,1.9,40.1
Q0900101,乳酪蛋糕,,糕餅點心類,296,7,21.3,19.1
Q0900201,海綿蛋糕(圓形),,糕餅點心類,344,5.1,18.1,40.2
Q0900301,提拉米蘇(圓形),,糕餅點心類,328,4.4,25.1,21.1
Q0900401,蜂蜜蛋糕(原味),,糕餅點心類,346,6.5,14.5,47.4
Q0900501,蜂蜜蛋糕(巧克力),,糕餅點心類,341,6.9,15.6,43.1
Q0900601,蜂蜜蛋糕(起司),,糕餅點心類,352,7.4,18.1,39.9
Q0900701,黑森林蛋糕,巧克力鮮奶油蛋糕,糕餅點心類,277,4.2,17.8,25
Q1000101,土司,,糕餅點心類,289,9.5,6.3,48.6
Q1000201,土司(含全穀粉),,糕餅點心類,292,10,6.1,49.2
Q1000301,紅豆土司,,糕餅點心類,319,9.2,10.2,47.7
Q1000401,奶酥麵包,,糕餅點心類,377,9.1,15.7,49.8
Q1000501,肉鬆麵包,,糕餅點心類,429,8.1,22.9,47.6
Q1000601,蜜糖甜甜圈(波/摩堤),波(摩)堤,糕餅點心類,396,2,20.7,50.6
Q1000701,糖粒甜甜圈(油炸),,糕餅點心類,401,5.3,19.8,50.3
Q1000801,菠蘿麵包,,糕餅點心類,378,9.2,15,51.5
Q1000901,葡萄乾奶酥麵包,,糕餅點心類,306,8.4,7.9,50.4
Q1001001,漢堡包,,糕餅點心類,322,9.1,7.4,54.9
Q1001101,餐包,,糕餅點心類,365,7.2,14.9,50.5
Q1001201,雙胞胎麵包,,糕餅點心類,341,8.4,7.7,59.6
Q2100101,仙草凍,,糕餅點心類,19,0.9,0.1,3.7
Q2100102,仙草凍(2020取樣),,糕餅點心類,19,0.3,0.2,4.1
Q2100201,咖啡凍,,糕餅點心類,75,0.1,0.2,18.1
Q2100301,果凍,,糕餅點心類,91,,0.2,22.3
Q2100401,原味愛玉凍,"愛玉,草子仔,草枳子,天拋藤,玉枳,枳子,天拋,風不動",糕餅點心類,2,,,0.4
Q2100501,檸檬愛玉凍,"愛玉,草子仔,草枳子,天拋藤,玉枳,枳子,天拋,風不動",糕餅點心類,53,,,13.1
Q2100601,粉粿,,糕餅點心類,65,0,0.1,15.5
Q2102101,鮮奶布丁,白布丁,糕餅點心類,110,3,5.1,13.1
Q2102201,烤布丁,,糕餅點心類,138,4.7,7.1,13.8
Q2102301,黃布丁,雞蛋布丁,糕餅點心類,110,2.3,3.5,17.3
Q2104101,豆花(花生),,糕餅點心類,60,2,0.9,10.9
Q2104201,傳統豆花(未加糖),,糕餅點心類,39,3.2,1.9,2.1
Q2106101,羊羹,,糕餅點心類,289,3,0.7,67.6
Q2200101,巧克力冰淇淋,,糕餅點心類,192,4.2,10.6,19.9
Q2200201,香草冰淇淋,,糕餅點心類,182,2.5,9.1,22.6
Q2200301,紅豆牛奶冰棒,,糕餅點心類,155,3.5,4.9,24.3
Q2300101,花生仁湯,,糕餅點心類,108,2.8,5.1,12.7
Q4100101,方塊酥,"恩典酥,方塊酥",糕餅點心類,509,7.1,24.1,66.1
Q4100201,夾心餅乾(草莓),,糕餅點心類,517,4.8,27.4,62.8
Q4100301,捲心酥,,糕餅點心類,490,6.1,19.9,71.7
Q4100401,蛋捲(芝麻),,糕餅點心類,549,6.8,33.3,55.5
Q4100501,煎餅,,糕餅點心類,444,6.3,11.7,78.3
Q4100601,營養口糧,,糕餅點心類,424,6.8,8.7,79.7
Q4100701,蘇打餅乾(蔬菜),,糕餅點心類,512,7.8,24.7,64.5
Q4200101,玉米餅乾(原味),,糕餅點心類,504,7.6,24.3,63.8
Q4200201,洋芋片,,糕餅點心類,553,5.2,34.3,55.8
Q4200301,魚酥,,糕餅點心類,564,8.3,36.6,50.3
Q4200401,零食泡麵,,糕餅點心類,484,11.3,21.5,61.3
Q4300101,雪餅,,糕餅點心類,487,5.8,19.4,72.3
Q4900101,沙其馬,,糕餅點心類,487,5.6,24.8,60.2
Q6100101,牛奶巧克力,,糕餅點心類,546,9.4,32.6,54
Q6100201,花生牛奶巧克力,,糕餅點心類,489,13,23.2,56.9
Q6100301,榛果牛奶巧克力,,糕餅點心類,590,9,40.4,47.5
Q6100401,糖衣牛奶巧克力,,糕餅點心類,481,4.8,18.6,73.6
Q6100501,白巧克力風味糖,,糕餅點心類,562,8.6,34.7,53.8
Q6100601,黑巧克力(85%),,糕餅點心類,613,10.9,46.1,38.7
Q6200101,白芝麻糖,,糕餅點心類,521,8.4,26.2,62.9
Q6200201,黑芝麻糖,,糕餅點心類,536,8.5,30.4,57
Q6200301,花生糖,,糕餅點心類,562,17.9,35.3,43.3
Q6200401,花生貢糖,,糕餅點心類,511,13.5,26.3,55
Q6200501,牛軋糖,,糕餅點心類,477,9.7,21.7,60.8
Q6200601,核棗糕,,糕餅點心類,425,2.5,14.6,71.1
Q6300101,水果軟糖,,糕餅點心類,411,1.3,8.4,82.6
Q6300201,水果QQ軟糖,,糕餅點心類,343,6.8,0.2,78.3
Q6310101,牛奶軟糖,,糕餅點心類,424,2.9,11.1,78
Q6310201,巧克力牛奶軟糖,,糕餅點心類,422,3.4,11.3,76.7
Q6400101,太妃糖,,糕餅點心類,438,2.7,13.9,75.6
Q6400201,蓮藕糖,,糕餅點心類,395,0.2,0.4,97.8
Q6400301,枇杷糖,,糕餅點心類,394,0.2,0.1,98
Q6400401,苦茶糖,,糕餅點心類,396,0.1,0.2,98.5
Q6400501,薑糖,,糕餅點心類,359,0.3,2.5,84
Q6400601,巧克力夾心糖,,糕餅點心類,403,0.7,2.8,93.7
Q6800101,維生素C口含錠(檸檬),,糕餅點心類,399,0.2,0.6,98.3
Q6800201,酵母菌咀嚼錠,,糕餅點心類,391,23.6,5.6,61.4
Q6900101,乳酸球,,糕餅點心類,474,3.8,21.7,66.1
Q6900201,羊乳片,,糕餅點心類,410,23.4,10,56.6
Q6900301,紅豆球,,糕餅點心類,351,7.1,1,78.4
Q6900401,綠豆球,,糕餅點心類,346,6.2,1.1,77.9
Q6900501,棉花糖,,糕餅點心類,331,3.2,0.3,78.9
Q8100101,甘薯蜜餞,,糕餅點心類,347,0.9,0.6,84.3
Q8100201,芒果青,,糕餅點心類,223,0.6,0.4,54.2
Q8100401,芭樂果乾,,糕餅點心類,347,1.1,0.2,85.2
Q8100501,鳳梨果乾,,糕餅點心類,348,2,0.3,84.6
Q8100601,檸檬果乾,,糕餅點心類,344,0.8,0.2,84.6
Q9100101,豆干丁(五香),,糕餅點心類,383,35.4,18.1,19.6
Q9100202,豆干片(沙茶),,糕餅點心類,464,16.2,28.2,36.4
Q9900101,布丁粉,,糕餅點心類,419,2.7,7.1,86.1
Q9900201,冰淇淋粉(香草),,糕餅點心類,430,15.9,11.7,65.3
Q9900301,起酥片,,糕餅點心類,404,6.7,26.9,33.8
R0100101,廣東粥,,加工調理食品及其他類,81,4.9,2.8,9.1
R0200101,冷凍火腿炒飯,,加工調理食品及其他類,189,5,5.6,29.7
R0200201,冷凍蝦仁炒飯,,加工調理食品及其他類,148,4.7,3.4,24.6
R0300101,三角飯糰(肉鬆),,加工調理食品及其他類,219,5.8,5.5,36.6
R0300201,糯米飯糰,,加工調理食品及其他類,335,5.9,17.6,38.3
R0300301,壽司(豆皮壽司),稻禾壽司,加工調理食品及其他類,194,6.3,4.7,31.7
R0400101,肉粽,,加工調理食品及其他類,235,8.2,8.8,30.7
R0400201,鹼粽,,加工調理食品及其他類,131,2.1,1.7,26.8
R0500301,冷凍筒仔米糕,,加工調理食品及其他類,212,6.5,5.8,33.6
R0500401,筒仔米糕,,加工調理食品及其他類,246,6.6,8.6,35.5
R0600101,豬血糕,米血糕,加工調理食品及其他類,194,8.6,0.9,37.8
R0600201,鴨血糕,米血糕,加工調理食品及其他類,193,6.7,1.1,39.1
R0700101,肉圓,肉丸,加工調理食品及其他類,136,3.1,1.6,27.3
R0700201,清蒸蝦仁肉圓,肉丸,加工調理食品及其他類,152,4.6,7.4,16.7
R0800101,甜酒釀,,加工調理食品及其他類,163,5,0.4,34.8
R0800201,紫米酒釀,,加工調理食品及其他類,155,4.2,0.4,33.6
R0900101,冷凍芝麻湯圓,,加工調理食品及其他類,352,4.8,16.3,46.7
R0900201,冷凍花生湯圓,,加工調理食品及其他類,350,5.2,15.6,47.1
R0900301,冷凍豬肉湯圓,,加工調理食品及其他類,281,6.5,12.1,36.6
R1100101,免煮飯,,加工調理食品及其他類,168,3.2,0.3,37.1
R1100201,埔里米粉,,加工調理食品及其他類,358,0.5,0.5,87.7
R1100301,細米粉,,加工調理食品及其他類,355,0.4,0.6,87.2
R1100401,濁水米粉,,加工調理食品及其他類,357,5.3,1.3,81.1
R1100501,米粄條,美濃粄條,加工調理食品及其他類,129,1.1,0.9,29.2
R1100601,米苔目,,加工調理食品及其他類,121,0.6,0.1,29.6
R1100701,粿仔條,,加工調理食品及其他類,193,0.5,1.2,45
R1300101,米漿(散裝),,加工調理食品及其他類,62,0.6,0.5,13.7
R1300201,保久米漿,,加工調理食品及其他類,62,1,1.5,11.3
R1300301,糙米漿,,加工調理食品及其他類,71,1.3,2.2,11.6
R1300401,糙秈米漿,,穀物類,68,0.9,2.1,11.4
R1300501,糯米漿,,加工調理食品及其他類,51,0.8,0.8,10.2
R1300601,黑糯米漿,,加工調理食品及其他類,50,0.4,0.2,11.6
R1310101,米漿粉,,加工調理食品及其他類,444,9.1,12.3,74.3
R1500101,燕麥奶,,加工調理食品及其他類,44,1,0.8,8.1
R1600101,玉米粒罐頭,,加工調理食品及其他類,90,2.3,1.4,16.9
R1600201,玉米醬罐頭,,加工調理食品及其他類,66,1.4,0.4,14
R1700101,麵筋(未調味),,加工調理食品及其他類,643,42.5,53,0
R1700201,麵腸(未調味),,加工調理食品及其他類,138,20.6,1.9,9.7
R1800101,水餃皮,,加工調理食品及其他類,264,7.8,0.5,57
R1800201,春捲皮,,加工調理食品及其他類,241,8.3,0.7,50.4
R1800301,餛飩皮,,加工調理食品及其他類,271,8.3,0.5,58.2
R1900101,長麵線,壽麵線,加工調理食品及其他類,310,10.7,1.1,64.3
R1900201,紅麵線,,加工調理食品及其他類,307,11.3,1.4,62.3
R1900301,麵線,,加工調理食品及其他類,350,11.7,1.5,72.4
R1900401,雞絲麵,,加工調理食品及其他類,463,9.4,22.8,55
R2000101,乾麵條,,加工調理食品及其他類,350,11.6,1.5,72.5
R2000201,油麵條,油麵,加工調理食品及其他類,361,11.4,1.2,76.3
R2000301,紅蘿蔔麵,,加工調理食品及其他類,352,12.1,1,73.8
R2000401,通心麵,,加工調理食品及其他類,359,13.8,1.4,72.6
R2000501,菠菜麵,,加工調理食品及其他類,356,11.8,1.2,74.4
R2000601,鍋燒意麵,,加工調理食品及其他類,479,10,22.8,58.5
R2000701,雞蛋麵,,加工調理食品及其他類,358,12.5,0.9,74.8
R2000801,刀削麵,,加工調理食品及其他類,267,8.4,0.9,56.2
R2000901,拉麵,,加工調理食品及其他類,292,9.1,0.8,62.1
R2001001,意麵,,加工調理食品及其他類,290,10.1,1,60.1
R2001101,衛生油麵,,加工調理食品及其他類,163,5.5,1.8,31.2
R2001201,金門黃麵,,加工調理食品及其他類,158,6.4,0.5,31.9
R2001301,冷凍烏龍麵,,加工調理食品及其他類,129,3.4,0.3,28.2
R2001401,鍋燒麵,,加工調理食品及其他類,120,4.5,0.4,24.6
R2001501,蕎麥麵(乾),,加工調理食品及其他類,349,12.7,1.7,70.6
R2001502,蕎麥麵(濕),,加工調理食品及其他類,153,6.3,1.5,28.6
R2100101,炒板條,,加工調理食品及其他類,149,4.2,4.2,23.7
R2100201,泡麵(牛肉口味),,加工調理食品及其他類,473,9.6,24.5,53.6
R2100301,泡麵(鮮蝦口味),,加工調理食品及其他類,475,9.6,23.8,55.5
R2100401,擔仔麵,,加工調理食品及其他類,124,4.4,6.5,11.9
R2200101,冷凍牛肉水餃,,加工調理食品及其他類,215,8.9,9.7,23.1
R2200201,冷凍豬肉水餃,,加工調理食品及其他類,208,8.1,9.7,22.1
R2200301,冷凍豬肉韭菜水餃,,加工調理食品及其他類,229,8.4,11.5,23
R2200401,冷凍豬肉蟹黃水餃,,加工調理食品及其他類,223,7.8,9.8,26
R2200501,冷凍香菇雞肉水餃,,加工調理食品及其他類,221,9.5,10.2,22.7
R2200601,冷凍素食水餃,,加工調理食品及其他類,175,8.7,4.1,25.8
R2200701,冷凍鮪魚水餃,,加工調理食品及其他類,196,9,8.5,20.8
R2200801,冷凍豬肉熟水餃,,加工調理食品及其他類,235,7.2,10.1,28.9
R2200901,冷凍素食熟水餃,,加工調理食品及其他類,209,7.2,5.4,32.9
R2201001,冷凍冬菜蝦仁餛飩,雲吞,加工調理食品及其他類,191,9.1,6.3,24.5
R2201101,冷凍豬肉餛飩,雲吞,加工調理食品及其他類,240,11.1,12.6,20.5
R2201201,冷凍菜肉餛飩,雲吞,加工調理食品及其他類,236,9.1,16.3,13.3
R2201301,溫州餛飩,大餛飩,加工調理食品及其他類,145,6.5,7.9,11.9
R2201401,豬肉鍋貼,,加工調理食品及其他類,238,7.8,11.3,26.2
R2201501,熟水餃(高麗菜水餃),,加工調理食品及其他類,199,7.4,10.1,19.7
R2300101,冷凍叉燒包,,加工調理食品及其他類,266,8.8,4.8,47
R2300201,冷凍酸菜焢肉包子,,加工調理食品及其他類,301,8.6,13.1,37.2
R2300301,冷凍芋泥包,,加工調理食品及其他類,263,6.6,3.6,51.1
R2300401,冷凍豆沙包,,加工調理食品及其他類,247,7.4,1.1,51.8
R2300501,冷凍芝麻包,,加工調理食品及其他類,341,7.2,11.7,51.7
R2300601,冷凍蓮蓉包,,加工調理食品及其他類,292,7.9,5.5,52.8
R2300701,冷凍叉燒包子,,加工調理食品及其他類,267,7.1,6.1,46
R2300801,冷凍牛肉包子,,加工調理食品及其他類,269,10.8,4.6,46.1
R2300901,冷凍豬肉包子,,加工調理食品及其他類,266,7.6,9.2,38.2
R2301001,冷凍豬肉湯包,,加工調理食品及其他類,235,10.1,14.3,16.3
R2301101,小籠包,,加工調理食品及其他類,242,9.6,15.5,15.9
R2301201,冷凍素菜包子,,加工調理食品及其他類,234,8.6,3.8,41.4
R2301301,竹筍包,,加工調理食品及其他類,209,6.9,5.5,32.9
R2400101,冷凍白饅頭,,加工調理食品及其他類,279,7.4,2.4,57
R2400201,白饅頭,,加工調理食品及其他類,248,8.1,1.2,51.3
R2400301,芋頭饅頭,,加工調理食品及其他類,155,5.7,0.6,31.5
R2400401,花捲,,加工調理食品及其他類,227,5.7,1.9,47
R2400501,冷藏堅果饅頭,,加工調理食品及其他類,307,9.6,8.8,47.3
R2400601,黑糖饅頭,,加工調理食品及其他類,235,6.8,0.9,50
R2400701,冷凍銀絲卷(奶黃),,加工調理食品及其他類,283,8.9,3.3,54.5
R2500101,火腿蛋三明治,,加工調理食品及其他類,275,10.9,13.2,28.2
R2600101,披薩(夏威夷),,加工調理食品及其他類,270,12,8.7,35.9
R2600201,冷凍披薩(黑胡椒火腿),,加工調理食品及其他類,210,9.3,6.9,27.7
R2700101,蔥油餅,,加工調理食品及其他類,305,8.3,9.3,46.9
R2700201,冷凍蔥油餅,蔥油派,加工調理食品及其他類,258,9.1,3.1,48.5
R2700301,冷凍蛋餅皮,,加工調理食品及其他類,231,5.7,3.7,43.7
R2700401,燒餅,,加工調理食品及其他類,323,9.1,9.1,51.1
R2800101,韭菜盒子,,加工調理食品及其他類,217,7.5,12.1,19.5
R2800201,大餅包小餅(紅豆),,加工調理食品及其他類,376,8.3,16.5,48.5
R2800301,水煎包,,加工調理食品及其他類,166,4.3,5.4,25.2
R2800401,牛肉餡餅,,加工調理食品及其他類,225,9.6,10.4,23.3
R2800501,豬肉餡餅,,加工調理食品及其他類,327,6.2,23.3,23.1
R2900101,冷凍燒賣,,加工調理食品及其他類,188,9.9,9.7,15.3
R2900201,冷凍水晶包,,加工調理食品及其他類,211,4.8,7.8,30.4
R2900301,"冷凍,水晶餃",,加工調理食品及其他類,190,2.8,3.5,36.8
R3000101,油條,,加工調理食品及其他類,551,10.1,40.2,37.3
R3000201,冷凍春捲,,加工調理食品及其他類,272,5.1,13.9,31.5
R3000301,蚵仔煎,,加工調理食品及其他類,192,4.9,10.4,19.7
R3000401,棺材板,,加工調理食品及其他類,264,7,17.5,19.7
R3000501,油豆腐粉絲(阿給),阿給,加工調理食品及其他類,146,6.9,6.2,15.7
R3100101,冷凍可樂餅(奶汁),,加工調理食品及其他類,114,3.6,2.3,19.8
R4100101,芋圓,,加工調理食品及其他類,214,0.9,0.2,52.1
R4100201,粉圓,,加工調理食品及其他類,346,0.2,0,86.2
R4100301,冷凍甘薯條,薯條,加工調理食品及其他類,182,1.8,6.5,29
R4100401,冷凍馬鈴薯條,薯條,加工調理食品及其他類,151,2.2,4.5,25.5
R4100501,西谷米,,加工調理食品及其他類,360,0.1,0.1,89.7
R4400101,台式泡菜,,加工調理食品及其他類,59,0.9,0.3,13.1
R4400201,黃金泡菜,,加工調理食品及其他類,111,2.4,5.7,12.5
R4400301,韓式泡菜,,加工調理食品及其他類,35,2,0.4,5.8
R4400401,花瓜罐頭,,加工調理食品及其他類,89,2.9,0.2,18.8
R4400501,冷凍洋蔥圈,,加工調理食品及其他類,281,4,11,41.4
R4400601,醃辣椒,剝皮辣椒,加工調理食品及其他類,53,1.9,0.3,10.6
R4400701,桂竹筍片,,加工調理食品及其他類,19,1,0.2,3.3
R4400801,麻竹筍干,,加工調理食品及其他類,400,,,100
R4400901,薤,"蕗蕎,薤頭,火蔥,蕎蔥,大韭(韮),露京,蕎頭,叫頭",加工調理食品及其他類,11,0.5,0.2,1.9
R4401001,甘藍乾,高麗菜乾,加工調理食品及其他類,194,7.2,1.1,38.9
R4401101,酸甘藍菜,酸高麗菜,加工調理食品及其他類,24,1.4,0.2,4.2
R4401201,梅乾菜,,加工調理食品及其他類,116,5.5,1.1,20.8
R4401301,榨菜,"榨菜藺蕓苔,四川榨菜,疙瘩菜,稜角菜,筆架菜,香爐菜,瘤菜",加工調理食品及其他類,27,1.3,0.4,4.6
R4401401,酸菜,"鹹菜,鹼菜,醃(大/鹹)酸菜,大鹹菜,鹹菜仁",加工調理食品及其他類,19,0.8,0.3,3.2
R4401501,醃漬冬瓜,"白瓜,東瓜,枕瓜,水芝,地芝",加工調理食品及其他類,28,2.5,0.2,4.1
R4401601,醃漬花胡瓜,"小黃瓜,花瓜,小胡瓜,小瓜,小刺瓜,水胡瓜",加工調理食品及其他類,89,3,0.5,18.1
R4401701,醃漬越瓜,"醃瓜,菴瓜,梢瓜,酥瓜,甜瓜,羊角瓜,稍瓜,生瓜,白瓜,青瓜,百香胡瓜",加工調理食品及其他類,18,1.1,0.2,3.1
R4500101,銀耳罐頭,"白木耳,雪耳",加工調理食品及其他類,49,0.1,0.1,12
R4500201,草菇罐頭,"蘭花菇,美味草菇,包腳菇,中國蘑菇,稈(麻/貢)菇,南華菇,家生菇(小包腳菇)",加工調理食品及其他類,36,3.3,0.1,5.4
R4500301,醃漬香菇,"冬(北/花/厚/毛)菇,椎茸,香蕈(信/椹),合蕈",加工調理食品及其他類,56,3,0.1,10.6
R4500401,秀珍菇罐頭,"平菇,小平菇,側耳平菇,蠔菇,袖珍(鮑魚)菇(側耳)",加工調理食品及其他類,30,1.7,0.5,4.7
R4500501,金針菇罐頭,"金(冬/榎/朴)菇,金絲菇,金菇菜,秋葷,樸蕈構菌,毛柄金線菇,菌子(絨柄金錢菇)",加工調理食品及其他類,27,1.7,0.2,4.5
R4500601,洋菇罐頭,"西洋蘑菇(蘑菇,雙孢蘑菇)",加工調理食品及其他類,31,2.9,0.3,4.3
R4500701,猴頭菇罐頭,"猴頭蘑,刺蝟菌,蝟菌,花菜菇,圓頭菇,陰陽蘑,對臉蘑",加工調理食品及其他類,31,1,0.1,6.5
R4600101,高纖胚芽冬粉,粉絲,加工調理食品及其他類,364,0.6,0.2,90
R4600201,冬粉,粉絲,加工調理食品及其他類,351,0.1,0.1,87.5
R4600301,寬粉,寬條冬粉,加工調理食品及其他類,349,0.1,0.1,86.9
R4700101,佃煮黑豆,,加工調理食品及其他類,271,10.5,6.2,43.5
R4700201,豆干絲,,加工調理食品及其他類,170,18.3,8.6,4.8
R4700202,五香豆干,,加工調理食品及其他類,197,19.3,10.6,6.2
R4700203,小方豆干,,加工調理食品及其他類,161,17.4,8.6,3.5
R4700301,黑豆干,,加工調理食品及其他類,197,19,12.5,2.1
R4700401,豆腐皮,豆皮,加工調理食品及其他類,209,25.3,11,2.4
R4700501,日式炸豆皮,,加工調理食品及其他類,388,19.2,32.4,4.9
R4700601,豆豉,蔭豉,加工調理食品及其他類,237,20.4,11.5,12.8
R4700701,豆棗,,加工調理食品及其他類,420,11.7,19.2,50
R4700801,百頁豆腐,千張豆腐,加工調理食品及其他類,196,13.4,13.1,6.3
R4700901,傳統豆腐,板豆腐,加工調理食品及其他類,88,8.5,3.4,6
R4700902,傳統豆腐(2022年取樣),板豆腐,加工調理食品及其他類,96,9.6,5.5,1.9
R4701001,冷凍豆腐,凍豆腐,加工調理食品及其他類,131,12.9,7.1,3.9
R4701101,小三角油豆腐,,加工調理食品及其他類,160,12.7,13.3,0
R4701201,嫩豆腐,,加工調理食品及其他類,53,4.9,3,1.6
R4701301,雞蛋豆腐,,加工調理食品及其他類,79,6.9,4.6,2.7
R4701401,麻油辣腐乳,,加工調理食品及其他類,107,9,5.8,4.8
R4800101,素肉,,加工調理食品及其他類,210,23.9,10.1,6
R4800201,冷凍素雞塊,,加工調理食品及其他類,206,14.2,8.1,19
R4900101,花生麵筋罐頭,,加工調理食品及其他類,206,11,11.1,15.5
R4900201,香菇麵筋罐頭,,加工調理食品及其他類,192,10.7,10,14.9
R4900301,花豆罐頭(糖漬),"紅花豆,紅(赤)花菜豆,花仔(阿/柳)豆",加工調理食品及其他類,204,7.6,0,43.5
R4900401,紅豆罐頭(糖漬),"小豆,赤小豆,赤豆,通常小豆,小紅豆,紅小豆",加工調理食品及其他類,233,8,0.3,49.5
R4900501,甘納豆,,加工調理食品及其他類,333,6.6,1,74.5
R4900601,豌豆仁罐頭,"荷蓮豆仁,荷仁豆仁,荷蘭豆仁,花蓮豆仁,飛龍豆仁,青豆仁,胡豆仁,畢豆仁,宛豆仁,孫豆仁,丸豆仁,留",加工調理食品及其他類,126,7.2,0.9,22.1
R4900701,鹽酥蠶豆,"蠶豆酥,蠶豆子,蠶豆花",加工調理食品及其他類,481,26.9,20.9,46.3
R5000101,豆漿,豆奶,加工調理食品及其他類,60,3.2,1.3,9
R5000201,雞蛋豆漿,雞蛋豆奶,加工調理食品及其他類,56,1.9,1.3,9.2
R5000301,鹹豆漿,,加工調理食品及其他類,37,3.5,1.8,1.7
R5000401,黑豆漿,黑豆奶,加工調理食品及其他類,39,1.1,0.6,7.4
R5000501,豆漿優酪乳,豆奶優酪乳,加工調理食品及其他類,70,2,1.2,12.9
R5000601,DHA豆奶,,加工調理食品及其他類,44,1.7,0.5,8
R5010101,豆漿粉,豆奶粉,加工調理食品及其他類,434,37.4,17.1,32.5
R5100101,叉燒肉,,加工調理食品及其他類,253,17.2,13.1,16.5
R5100201,切片火腿(牛肉),"三明治火腿,火腿片",加工調理食品及其他類,121,15.9,2.2,9.4
R5100301,切片火腿(豬肉),"三明治火腿,火腿片",加工調理食品及其他類,147,16.5,4.9,9
R5100401,切片火腿(雞肉),"三明治火腿,火腿片",加工調理食品及其他類,148,15.3,5.3,10
R5100501,"條狀火腿(牛肉,黑胡椒)",,加工調理食品及其他類,113,18.9,2.3,4.1
R5100601,條狀火腿(豬肉),,加工調理食品及其他類,145,16.2,3.8,11.5
R5100701,醬肘子,"醬肘花,醬汁燒蹄膀",加工調理食品及其他類,134,19,6.6,0
R5100801,培根,三層煙肉,加工調理食品及其他類,372,13.5,35.6,0
R5100901,臘肉(五花肉),,加工調理食品及其他類,525,18.5,49,2.4
R5100902,臘肉(腿肉),,加工調理食品及其他類,377,26.7,27.2,6.4
R5101001,滷牛筋,滷蹄筋,加工調理食品及其他類,119,21.1,2.8,2.6
R5101101,滷豬腳,,加工調理食品及其他類,237,28.4,15.4,0
R5101201,醃燻豬肝,,加工調理食品及其他類,167,26.8,4.7,4.2
R5101301,膽肝,"鹹豬肝,粉肝,柴肝",加工調理食品及其他類,252,31.2,7.9,13.9
R5200101,片狀肉乾(牛肉),牛肉干,加工調理食品及其他類,335,30.3,5.2,41.8
R5200102,"片狀肉乾(牛肉,辣味)",辣味牛肉干,加工調理食品及其他類,335,38,7,29.9
R5200201,片狀肉乾(豬肉),豬肉干,加工調理食品及其他類,329,30,5,41
R5200301,條狀肉乾(豬肉),"豬肉乾,豬肉干",加工調理食品及其他類,345,43.2,7.9,25.1
R5300101,牛肉香腸,,加工調理食品及其他類,298,20.7,20.5,7.8
R5300201,香腸,,加工調理食品及其他類,354,17,26.3,12.3
R5300202,香腸(蒜味),,加工調理食品及其他類,387,16.6,27.8,17.7
R5300203,蒟蒻香腸(蒜味),,加工調理食品及其他類,289,19.4,14.9,19.3
R5300301,小巧香腸,小香腸,加工調理食品及其他類,362,15.1,28.2,11.9
R5300401,雞肉香腸(大),,加工調理食品及其他類,283,22.4,16.3,11.8
R5300402,雞肉香腸(小),,加工調理食品及其他類,459,13.9,37.7,15.9
R5300501,熱狗,,加工調理食品及其他類,257,13.3,18.1,10.2
R5300601,德國香腸,,加工調理食品及其他類,275,15.9,21.4,4.6
R5300701,冷凍小香腸,,加工調理食品及其他類,249,14.8,17.8,7.4
R5400101,冷凍珍珠丸,,加工調理食品及其他類,225,9.5,11.5,20.9
R5400201,冷凍貢丸,,加工調理食品及其他類,244,16.6,20.3,0
R5400301,冷凍雞肉丸,,加工調理食品及其他類,202,10.5,12.3,12.3
R5500101,冷凍牛肉漢堡肉,,加工調理食品及其他類,249,14.4,18.5,6.3
R5500201,冷凍雞塊,,加工調理食品及其他類,228,15.3,12.9,12.6
R5600101,豬肉脯,豬肉絨,加工調理食品及其他類,441,33.4,25.1,20.3
R5600201,豬肉酥,豬肉鬆,加工調理食品及其他類,513,33,28.3,31.6
R5600301,雞肉酥,雞肉鬆,加工調理食品及其他類,451,26.7,14.6,53.2
R5900101,肉羹,,加工調理食品及其他類,247,9.7,14.7,18.9
R5900201,冷凍咕咾肉,,加工調理食品及其他類,184,6.4,9.5,18.3
R5900301,豬腳凍,,加工調理食品及其他類,145,16.6,7.8,2
R6100101,冷凍花枝丸,,加工調理食品及其他類,166,12.7,7,13
R6100201,冷凍虱目魚丸,,加工調理食品及其他類,206,13.7,11.9,11
R6100301,冷凍文蛤丸,,加工調理食品及其他類,211,16.2,9.2,15.8
R6100401,冷凍旗魚丸,,加工調理食品及其他類,160,12.8,6.7,12
R6100501,冷凍鱈魚丸,,加工調理食品及其他類,99,8.5,2.4,10.7
R6100601,冷凍蝦丸,,加工調理食品及其他類,123,10.8,2.3,14.7
R6200201,冷凍花枝排,,加工調理食品及其他類,187,5.5,7.3,24.9
R6200301,冷凍鮪排,,加工調理食品及其他類,143,13.4,0.9,20.4
R6200401,冷凍蝦餅,,加工調理食品及其他類,127,9.6,2.1,17.3
R6300301,冷凍干貝酥,,加工調理食品及其他類,146,8.3,0.2,27.7
R6300401,冷凍花枝塊,,加工調理食品及其他類,180,11.3,7.5,17
R6300501,冷凍旗魚塊,,加工調理食品及其他類,178,15.3,6.5,14.7
R6400101,冷凍蚵捲,,加工調理食品及其他類,213,6.9,17.5,7
R6400201,冷凍魚捲,,加工調理食品及其他類,126,13.8,0.3,17.1
R6400301,冷凍蝦捲,,加工調理食品及其他類,156,10.3,5.7,16
R6500101,冷凍魷魚圈,,加工調理食品及其他類,143,15.7,0.4,19.2
R6600101,冷凍花枝餃,,加工調理食品及其他類,177,12.4,5.6,19.2
R6600201,冷凍香菇餃,,加工調理食品及其他類,233,12.3,15.3,11.5
R6600301,冷凍蛋餃,,加工調理食品及其他類,183,12.1,14.1,2.1
R6600401,冷凍雪螺餃,,加工調理食品及其他類,204,11.6,10,16.7
R6600501,冷凍魚餃,,加工調理食品及其他類,277,12.5,19.5,12.9
R6600601,冷凍蝦餃,,加工調理食品及其他類,273,11.4,19.3,13.5
R6600701,冷凍燕餃,,加工調理食品及其他類,321,12.8,23.6,14.5
R6700101,冷凍蟹味棒,蟹肉棒,加工調理食品及其他類,118,9.3,0.7,18.6
R6700201,冷凍魚卵卷,,加工調理食品及其他類,115,12.9,0.2,15.5
R6700301,魚板,,加工調理食品及其他類,128,10,2,17.6
R6700401,天婦羅,甜不辣,加工調理食品及其他類,176,12.4,4.7,21
R6700501,冷凍花枝漿,,加工調理食品及其他類,227,11.2,12.6,17.1
R6700601,冷凍花枝羹,,加工調理食品及其他類,126,11.4,4.7,9.4
R6800101,魚肉脯,,加工調理食品及其他類,104,21.9,1.7,0.2
R6800201,鯖魚肉脯,,加工調理食品及其他類,685,33.8,60.4,1.5
R6800301,魚肉鬆,魚肉酥,加工調理食品及其他類,470,28.2,20.2,43.8
R6800401,旗魚鬆,,加工調理食品及其他類,481,31.3,22.9,37.4
R6800501,鮭魚鬆,,加工調理食品及其他類,452,29,21.6,35.3
R6900101,香筍鮪魚罐頭,,加工調理食品及其他類,261,10,24.1,0.9
R6900201,茄汁鯖魚罐頭,,加工調理食品及其他類,116,17.6,3.8,2.8
R7100101,蒜味甘扁桃仁,蒜味杏仁果,加工調理食品及其他類,648,23.3,53.6,18
R7100201,杏仁霜,"杏仁粉,杏仁茶",加工調理食品及其他類,554,9.7,36.4,47.1
R7100301,蜜汁松子仁,,加工調理食品及其他類,697,14.9,62.4,19
R7100401,鹽酥夏威夷豆,夏威夷火山豆,加工調理食品及其他類,773,9.4,76.3,12
R7100501,甜核桃,,加工調理食品及其他類,723,14.4,67.4,14.7
R7100601,糖炒栗子,,加工調理食品及其他類,209,4.2,0.8,46.3
R7100701,蜜汁腰果,,加工調理食品及其他類,600,17.6,43.6,34.3
R7100801,玉桂西瓜子,,加工調理食品及其他類,529,31.1,34.4,23.8
R7100901,醬油西瓜子,,加工調理食品及其他類,547,29.5,37.7,22.5
R7101001,鹽酥帶殼花生(熟),"土豆,長生果,落花生",加工調理食品及其他類,568,28.2,38.1,28.1
R7101101,醃漬花生仁,"土豆,長生果,落花生",加工調理食品及其他類,288,10.6,26,2.9
R7101201,糖漬花生仁,"土豆,長生果,落花生",加工調理食品及其他類,382,14.2,23.3,28.8
R7101301,油炸花生仁,"土豆,長生果,落花生",加工調理食品及其他類,623,28.9,48.4,18
R7101401,蛋酥花生仁,"土豆,長生果,落花生",加工調理食品及其他類,606,21.1,43.8,31.8
R7101501,鹽酥花生仁,"土豆,長生果,落花生",加工調理食品及其他類,557,28.8,35.9,29.6
R7101601,調味南瓜子(去殼),白瓜子,加工調理食品及其他類,607,30.4,47.9,13.5
R7101602,調味南瓜子(帶殼),白瓜子,加工調理食品及其他類,607,25.9,47.2,19.5
R7101701,甘草葵瓜子(帶殼),,加工調理食品及其他類,564,26.8,39.3,25.8
R7101801,鹽酥葵瓜子(帶殼),,加工調理食品及其他類,619,25.9,49.3,17.8
R7101901,糖漬蓮子,,加工調理食品及其他類,230,5.7,0.1,51.4
R7300101,烤雞,手扒雞,加工調理食品及其他類,233,22.8,14.2,3.6
R7300201,冷凍烤雞翅,,加工調理食品及其他類,217,18.8,14.2,3.6
R7300301,鴨賞,,加工調理食品及其他類,304,31.1,17.6,5.3
R7300401,茶鵝,,加工調理食品及其他類,352,15.6,32.6,0
R7300501,熟鵝腿肉,,加工調理食品及其他類,285,18.5,23.6,0
R7500101,鯊魚煙,,加工調理食品及其他類,68,22.3,0.4,0
R7500201,日本鰻鱺魚片(蒲燒),"白鰻,日本鰻,正鰻,白鱔,鰻鱺,土鰻(澎湖),淡水鰻(澎湖)",加工調理食品及其他類,272,25,18.7,0.9
R7500301,鹽漬小鱗脂眼鯡(鹹馧仔),"臭肉鰮,鰮仔,圓眼仔,鰮魚,鰮仔魚,圓仔魚(幼魚),脂眼鯡,臭肉,臭肉魚/肉鰮(澎湖)",加工調理食品及其他類,224,17.4,17,0.3
R7500401,鯖魚(醃製),鹹鯖魚,加工調理食品及其他類,281,14.9,24,1.3
R7500402,鯖魚(醃製)(2022年取樣),鹹鯖魚,加工調理食品及其他類,296,17,21,9.8
R7500501,毛鱗魚(柳葉魚)(裹粉未炸),柳葉魚,加工調理食品及其他類,171,12.9,4.9,19
R7500601,油魚卵(加工),油魚子,加工調理食品及其他類,416,46.6,27.3,0
R7500701,圓鱈魚卵(加工),,加工調理食品及其他類,84,11.2,4.4,0
R7500801,鯔魚卵(加工),"烏魚卵,烏魚子",加工調理食品及其他類,297,36.6,8.5,18.7
R7500802,鯔魚卵(加工)(2022年取樣),"烏魚卵,烏魚子",加工調理食品及其他類,431,38.9,28.7,4.4
R7500901,醃漬鮭魚卵,,加工調理食品及其他類,218,24.9,10.2,6.7
R7501001,香魚片,,加工調理食品及其他類,307,36.1,0.7,39.1
R7501101,龍蝦卵(調味),,加工調理食品及其他類,64,6.7,1.8,5.2
R7501201,蠑螺(加工),,加工調理食品及其他類,105,14.8,0.2,11
R7501301,鹹小卷,"鹹鎖管,鹽漬小卷",加工調理食品及其他類,100,20.1,1.3,1.9
R8100101,沖泡濃湯(海鮮),,加工調理食品及其他類,355,11.2,6.9,62
R8100201,玉米濃湯調理包,,加工調理食品及其他類,369,4.4,5.9,74.7
R8100301,麥片沖泡包(三合一),,加工調理食品及其他類,409,11,7.5,74.3
R8100401,三合一麥片(野菜蘑菇),,加工調理食品及其他類,399,6.8,9,72.7
R8100501,糙米麩,,加工調理食品及其他類,387,7.8,3.3,81.4
R8100601,麵茶粉,,加工調理食品及其他類,423,7.2,7,82.9
R8100701,植物燕麥奶粉(營養強化),,加工調理食品及其他類,437,12,13.2,67.5
R8100801,杏仁茶沖泡包,綜合堅果穀粉,加工調理食品及其他類,399,3.5,5.2,84.7
R8100901,芝麻糊沖泡包,,加工調理食品及其他類,458,9.3,15.4,70.7
R8101001,綜合堅果穀物沖泡包,,加工調理食品及其他類,453,13.3,15.4,65.4
R8200101,寒天脆藻,水晶脆藻,加工調理食品及其他類,11,0,0,2.5
R9900101,生啤酒,,加工調理食品及其他類,50,0.4,0,8.2
R9900102,啤酒,,加工調理食品及其他類,49,,0,8.9
R9900201,陳年紹興酒,,加工調理食品及其他類,133,1.8,0,19.1
R9900301,白葡萄酒,,加工調理食品及其他類,90,0.1,0,14.2
R9900302,紅葡萄酒,,加工調理食品及其他類,93,0.1,0,14.8
R9901101,雞精,,加工調理食品及其他類,34,8.6,0,0
